2016-12-26T04:54:31.427005952Z,88
2016-12-26T04:56:11.400957184Z,88
2016-12-26T06:10:39.368729088Z,84
2016-12-26T06:20:40.633830912Z,84
2016-12-26T06:30:43.569541888Z,83
2016-12-26T06:31:26.116514048Z,83
2016-12-26T06:41:27.433170944Z,77
2016-12-26T06:51:28.83090304Z,78
2016-12-26T06:57:17.412694016Z,75
2016-12-26T07:07:18.985635072Z,76
2016-12-26T07:17:20.47212288Z,77
2016-12-26T07:27:22.226525184Z,73
2016-12-26T07:37:23.833728Z,74
2016-12-26T07:47:25.406265088Z,73
2016-12-26T07:57:26.96610688Z,74
2016-12-26T08:07:28.637017856Z,73
2016-12-26T08:17:30.18635904Z,73
2016-12-26T08:27:31.842668032Z,70
2016-12-26T08:37:33.473103104Z,71
2016-12-26T08:47:36.086547968Z,71
2016-12-26T08:57:37.844704Z,76
2016-12-26T09:07:40.153084928Z,75
2016-12-26T09:17:42.7013632Z,75
2016-12-26T09:27:45.216344064Z,77
2016-12-26T09:37:46.741584896Z,77
2016-12-26T09:47:48.70819712Z,77
2016-12-26T09:57:50.727892992Z,77
2016-12-26T10:07:52.875724032Z,73
2016-12-26T10:17:54.650740992Z,73
2016-12-26T10:27:56.386328832Z,74
2016-12-26T10:37:58.339490816Z,74
2016-12-26T10:48:00.073092864Z,74
2016-12-26T10:58:01.557449984Z,74
2016-12-26T11:08:03.24005888Z,74
2016-12-26T11:18:05.100496896Z,74
2016-12-26T11:28:06.808475904Z,74
2016-12-26T11:38:08.426786816Z,74
2016-12-26T11:48:10.298778112Z,74
2016-12-26T11:58:11.922054144Z,74
2016-12-26T12:08:13.655324928Z,74
2016-12-26T12:18:15.398875904Z,74
2016-12-26T12:28:17.163353856Z,74
2016-12-26T12:38:18.791953152Z,71
2016-12-26T12:48:20.680515072Z,71
2016-12-26T12:58:22.283438848Z,74
2016-12-26T13:08:23.884332032Z,74
2016-12-26T13:18:25.67786496Z,74
2016-12-26T13:28:28.467538176Z,74
2016-12-26T13:38:30.112059136Z,74
2016-12-26T13:48:32.204027904Z,74
2016-12-26T13:58:33.660662784Z,74
2016-12-26T14:08:35.47526912Z,74
2016-12-26T14:18:37.465236992Z,74
2016-12-26T14:28:39.047046912Z,90
2016-12-26T14:38:40.494509824Z,104
2016-12-26T14:48:42.233825024Z,104
2016-12-26T14:58:43.846787072Z,109
2016-12-26T15:08:45.456221952Z,104
2016-12-26T15:18:47.32394496Z,104
2016-12-26T15:28:49.190428928Z,90
2016-12-26T15:38:51.921832192Z,84
2016-12-26T15:48:54.325058048Z,84
2016-12-26T15:58:55.78807296Z,111
2016-12-26T16:08:57.91592704Z,100
2016-12-26T16:18:59.812957952Z,100
2016-12-26T16:29:02.18761216Z,88
2016-12-26T16:39:05.028547072Z,83
2016-12-26T16:49:07.227842048Z,83
2016-12-26T16:59:09.953680128Z,89
2016-12-26T17:09:12.311373056Z,89
2016-12-26T17:19:14.47011584Z,89
2016-12-26T17:29:16.272339968Z,88
2016-12-26T17:39:18.253282048Z,87
2016-12-26T17:49:20.536269056Z,87
2016-12-26T17:59:22.659003136Z,84
2016-12-26T18:09:24.537480192Z,83
2016-12-26T18:19:26.664216064Z,83
2016-12-26T18:29:29.153697024Z,82
2016-12-26T18:39:31.120333056Z,84
2016-12-26T18:49:36.892893184Z,82
2016-12-26T18:59:38.807732224Z,79
2016-12-26T19:09:41.33869696Z,78
2016-12-26T19:19:44.73469312Z,79
2016-12-26T19:29:46.908022016Z,79
2016-12-26T19:39:49.117844992Z,80
2016-12-26T19:49:51.399506176Z,79
2016-12-26T19:59:53.91028096Z,78
2016-12-26T20:09:55.88989312Z,77
2016-12-26T20:19:58.113842944Z,77
2016-12-26T20:29:59.962244096Z,76
2016-12-26T20:40:02.080552192Z,78
2016-12-26T20:50:04.382057984Z,72
2016-12-26T21:00:06.418910976Z,70
2016-12-26T21:10:08.900766976Z,71
2016-12-26T21:20:11.082573056Z,71
2016-12-26T21:30:12.937103872Z,73
2016-12-26T21:40:14.778086912Z,75
2016-12-26T21:50:17.159300096Z,76
2016-12-26T22:00:19.083692032Z,78
2016-12-26T22:10:21.22622208Z,77
2016-12-26T22:20:23.53428608Z,77
2016-12-26T22:30:25.52005504Z,76
2016-12-26T22:40:27.75713792Z,75
2016-12-26T22:50:29.988786944Z,75
2016-12-26T23:00:31.842183168Z,76
2016-12-26T23:10:33.766663168Z,77
2016-12-26T23:20:35.762011136Z,79
2016-12-26T23:30:38.397246976Z,78
2016-12-26T23:40:40.544825088Z,77
2016-12-26T23:50:42.61259008Z,78
2016-12-27T00:00:44.106690048Z,75
2016-12-27T00:10:46.150935808Z,78
2016-12-27T00:20:48.22071296Z,76
2016-12-27T00:30:50.61414016Z,78
2016-12-27T00:40:52.180075776Z,78
2016-12-27T00:50:54.205876992Z,79
2016-12-27T01:00:56.273179136Z,79
2016-12-27T01:10:58.07640704Z,80
2016-12-27T01:21:00.508521984Z,81
2016-12-27T01:31:03.037095168Z,82
2016-12-27T01:41:05.133961984Z,83
2016-12-27T01:51:07.001048064Z,83
2016-12-27T02:01:08.866398976Z,85
2016-12-27T02:11:10.480716032Z,91
2016-12-27T02:21:12.386432768Z,91
2016-12-27T02:31:14.028397056Z,90
2016-12-27T02:41:15.509346048Z,87
2016-12-27T02:51:17.357707008Z,85
2016-12-27T03:01:19.062153984Z,81
2016-12-27T03:11:20.712378112Z,79
2016-12-27T03:21:22.623270912Z,79
2016-12-27T03:31:25.301318912Z,75
2016-12-27T03:41:27.085603072Z,74
2016-12-27T03:51:30.37829504Z,74
2016-12-27T04:01:32.072129024Z,76
2016-12-27T04:11:33.62734208Z,77
2016-12-27T04:21:36.195180032Z,77
2016-12-27T04:31:38.33879808Z,79
2016-12-27T04:41:40.192116992Z,78
2016-12-27T04:51:42.555715072Z,78
2016-12-27T05:01:44.050988032Z,79
2016-12-27T05:11:46.308374016Z,77
2016-12-27T05:21:48.192083968Z,77
2016-12-27T05:31:49.990194176Z,77
2016-12-27T05:41:51.446046208Z,78
2016-12-27T05:51:53.090939904Z,78
2016-12-27T06:01:55.042228992Z,78
2016-12-27T06:11:57.075012096Z,77
2016-12-27T06:21:58.682068992Z,77
2016-12-27T06:32:00.66352384Z,79
2016-12-27T06:42:02.288033024Z,79
2016-12-27T06:52:04.1806208Z,78
2016-12-27T07:02:06.254689024Z,86
2016-12-27T07:12:08.06030976Z,95
2016-12-27T07:22:10.286884096Z,92
2016-12-27T07:32:12.1308032Z,84
2016-12-27T07:42:13.87514496Z,81
2016-12-27T07:52:15.735781888Z,80
2016-12-27T08:02:17.834824192Z,80
2016-12-27T08:12:19.58522112Z,82
2016-12-27T08:22:21.552442112Z,81
2016-12-27T08:32:24.337963008Z,81
2016-12-27T08:42:26.399537152Z,87
2016-12-27T08:52:29.077107968Z,81
2016-12-27T09:02:30.656547072Z,80
2016-12-27T09:12:32.926945024Z,77
2016-12-27T09:22:34.857836032Z,72
2016-12-27T09:32:36.769592064Z,72
2016-12-27T09:42:38.46020096Z,71
2016-12-27T09:52:40.69611904Z,74
2016-12-27T10:02:42.507531776Z,74
2016-12-27T10:12:44.542748928Z,74
2016-12-27T10:22:46.195166208Z,74
2016-12-27T10:32:47.959120896Z,74
2016-12-27T10:42:49.545398016Z,74
2016-12-27T10:52:51.099011072Z,74
2016-12-27T11:02:53.331864064Z,74
2016-12-27T11:12:54.990366976Z,74
2016-12-27T11:22:57.071454976Z,74
2016-12-27T11:32:58.792817152Z,74
2016-12-27T11:43:00.529804032Z,74
2016-12-27T11:53:02.219111936Z,74
2016-12-27T12:03:03.761620992Z,74
2016-12-27T12:13:05.427931136Z,74
2016-12-27T12:23:07.018658048Z,74
2016-12-27T12:33:09.046750976Z,74
2016-12-27T12:43:11.047614976Z,74
2016-12-27T12:53:12.886228992Z,74
2016-12-27T13:03:14.642322944Z,74
2016-12-27T13:13:16.336358912Z,74
2016-12-27T13:23:18.089117952Z,74
2016-12-27T13:33:19.721276928Z,74
2016-12-27T13:43:21.217979904Z,74
2016-12-27T13:53:23.039136768Z,71
2016-12-27T14:03:24.492141056Z,71
2016-12-27T14:13:26.16276608Z,73
2016-12-27T14:23:28.859962112Z,80
2016-12-27T14:33:30.428153088Z,80
2016-12-27T14:43:32.390772224Z,89
2016-12-27T14:53:34.22638208Z,97
2016-12-27T15:03:35.737935104Z,97
2016-12-27T15:13:37.484143104Z,91
2016-12-27T15:23:39.228468992Z,86
2016-12-27T15:33:41.036905984Z,86
2016-12-27T15:43:43.03006208Z,85
2016-12-27T15:53:45.212018944Z,86
2016-12-27T16:03:46.925529856Z,86
2016-12-27T16:13:48.90222592Z,91
2016-12-27T16:23:51.400911104Z,92
2016-12-27T16:33:53.419808Z,92
2016-12-27T16:43:54.95931904Z,89
2016-12-27T16:53:56.916224Z,85
2016-12-27T17:03:58.855931904Z,85
2016-12-27T17:14:01.595799808Z,84
2016-12-27T17:24:03.828932096Z,82
2016-12-27T17:34:05.798214912Z,82
2016-12-27T17:44:08.376228096Z,84
2016-12-27T17:54:10.36015616Z,84
2016-12-27T18:04:12.885427968Z,84
2016-12-27T18:14:14.555280896Z,85
2016-12-27T18:24:16.655942912Z,86
2016-12-27T18:34:19.17285888Z,86
2016-12-27T18:44:20.760539904Z,86
2016-12-27T18:54:22.647778048Z,84
2016-12-27T19:04:24.236438016Z,84
2016-12-27T19:14:26.212829184Z,82
2016-12-27T19:24:28.491302912Z,81
2016-12-27T19:34:30.711620096Z,82
2016-12-27T19:44:32.450473984Z,81
2016-12-27T19:54:34.385037056Z,76
2016-12-27T20:04:35.798529024Z,76
2016-12-27T20:14:37.994313984Z,79
2016-12-27T20:24:39.714180864Z,80
2016-12-27T20:34:42.08523392Z,79
2016-12-27T20:44:43.885488128Z,75
2016-12-27T20:54:45.839042816Z,74
2016-12-27T21:04:47.495836928Z,74
2016-12-27T21:14:49.453451008Z,78
2016-12-27T21:24:51.429136128Z,79
2016-12-27T21:34:54.288121088Z,79
2016-12-27T21:44:56.377443072Z,77
2016-12-27T21:54:58.609154048Z,78
2016-12-27T22:05:00.075995904Z,76
2016-12-27T22:15:03.278068992Z,75
2016-12-27T22:25:04.935433984Z,76
2016-12-27T22:35:06.936866048Z,76
2016-12-27T22:45:08.93362816Z,76
2016-12-27T22:55:11.047619072Z,75
2016-12-27T23:05:13.0593792Z,76
2016-12-27T23:15:14.94613504Z,72
2016-12-27T23:25:16.924448Z,76
2016-12-27T23:35:19.840486912Z,77
2016-12-27T23:45:21.444214016Z,78
2016-12-27T23:55:23.546569984Z,80
2016-12-28T00:05:25.162214912Z,80
2016-12-28T00:15:27.380572928Z,82
2016-12-28T00:25:29.521277952Z,82
2016-12-28T00:35:31.488663808Z,81
2016-12-28T00:45:33.166383872Z,82
2016-12-28T00:55:35.144638976Z,85
2016-12-28T01:05:37.09175808Z,84
2016-12-28T01:15:39.004684032Z,80
2016-12-28T01:25:40.634407168Z,80
2016-12-28T01:35:42.588118016Z,81
2016-12-28T01:45:44.551079936Z,84
2016-12-28T01:55:46.43862016Z,87
2016-12-28T02:05:48.118119936Z,82
2016-12-28T02:15:50.53944704Z,81
2016-12-28T02:25:52.132765952Z,77
2016-12-28T02:35:54.462043904Z,77
2016-12-28T02:45:56.095962112Z,78
2016-12-28T02:55:57.968332032Z,79
2016-12-28T03:05:59.61952Z,77
2016-12-28T03:16:01.313862144Z,76
2016-12-28T03:26:02.774141952Z,75
2016-12-28T03:36:04.83492992Z,73
2016-12-28T03:46:06.871179008Z,73
2016-12-28T03:56:08.888868096Z,74
2016-12-28T04:06:10.629362944Z,75
2016-12-28T04:16:12.995929856Z,75
2016-12-28T04:26:14.60602496Z,74
2016-12-28T04:36:16.228189952Z,74
2016-12-28T04:46:17.63150592Z,74
2016-12-28T04:56:19.483314944Z,76
2016-12-28T05:06:21.56312704Z,76
2016-12-28T05:16:23.618087936Z,76
2016-12-28T05:26:25.74144512Z,79
2016-12-28T05:36:27.756478976Z,79
2016-12-28T05:46:29.195239168Z,81
2016-12-28T05:56:31.569895936Z,87
2016-12-28T06:06:33.105159936Z,79
2016-12-28T06:16:36.269851904Z,78
2016-12-28T06:26:37.915394048Z,78
2016-12-28T06:36:39.726411008Z,78
2016-12-28T06:46:41.250608896Z,77
2016-12-28T06:56:43.563975936Z,77
2016-12-28T07:06:45.168307968Z,83
2016-12-28T07:16:46.889765888Z,80
2016-12-28T07:26:48.381336832Z,79
2016-12-28T07:36:50.286520832Z,80
2016-12-28T07:46:52.50758784Z,75
2016-12-28T07:56:54.360784896Z,77
2016-12-28T08:06:56.17115008Z,76
2016-12-28T08:16:57.97893504Z,77
2016-12-28T08:26:59.574480896Z,75
2016-12-28T08:37:01.198205952Z,74
2016-12-28T08:47:03.141068032Z,75
2016-12-28T08:57:04.866971904Z,89
2016-12-28T09:07:06.510598912Z,81
2016-12-28T09:17:08.22839296Z,72
2016-12-28T09:27:09.916918016Z,71
2016-12-28T09:37:12.19833984Z,72
2016-12-28T09:47:13.791076864Z,76
2016-12-28T09:57:15.765216Z,73
2016-12-28T10:07:17.527401984Z,73
2016-12-28T10:17:19.181776896Z,70
2016-12-28T10:27:21.180188928Z,74
2016-12-28T10:37:23.159697152Z,72
2016-12-28T10:47:24.856820992Z,72
2016-12-28T10:57:26.59824896Z,74
2016-12-28T11:07:28.129734912Z,74
2016-12-28T11:17:29.791971072Z,74
2016-12-28T11:27:31.650844928Z,74
2016-12-28T11:37:34.222461952Z,74
2016-12-28T11:47:35.929963008Z,74
2016-12-28T11:57:37.668436992Z,74
2016-12-28T12:07:39.480122112Z,73
2016-12-28T12:17:41.158785024Z,73
2016-12-28T12:27:42.717164032Z,74
2016-12-28T12:37:45.768995072Z,78
2016-12-28T12:47:47.256488192Z,78
2016-12-28T12:57:49.042932992Z,77
2016-12-28T13:07:50.671175936Z,80
2016-12-28T13:17:52.325865984Z,80
2016-12-28T13:27:54.829740032Z,80
2016-12-28T13:37:56.629276928Z,81
2016-12-28T13:47:58.195591936Z,81
2016-12-28T13:58:00.268312832Z,78
2016-12-28T14:08:02.045810944Z,82
2016-12-28T14:18:04.738735872Z,82
2016-12-28T14:28:07.105214976Z,86
2016-12-28T14:38:09.363211008Z,87
2016-12-28T14:48:11.058365184Z,87
2016-12-28T14:58:12.671226112Z,96
2016-12-28T15:08:15.760037888Z,101
2016-12-28T15:18:17.347875072Z,101
2016-12-28T15:28:19.232803072Z,93
2016-12-28T15:38:21.08144Z,86
2016-12-28T15:48:22.90201216Z,86
2016-12-28T15:58:24.718543104Z,82
2016-12-28T16:08:27.08265984Z,82
2016-12-28T16:18:29.41762816Z,81
2016-12-28T16:28:31.230348032Z,80
2016-12-28T16:38:34.263299072Z,80
2016-12-28T16:48:36.0608512Z,80
2016-12-28T16:58:37.990973952Z,82
2016-12-28T17:08:40.121072128Z,82
2016-12-28T17:18:42.330672896Z,79
2016-12-28T17:28:44.157725184Z,80
2016-12-28T17:38:46.306898176Z,81
2016-12-28T17:48:47.96281088Z,80
2016-12-28T17:58:50.063812096Z,82
2016-12-28T18:08:51.795371008Z,81
2016-12-28T18:18:53.870662912Z,82
2016-12-28T18:28:56.159442944Z,81
2016-12-28T18:38:58.214279936Z,79
2016-12-28T18:48:59.89966208Z,79
2016-12-28T18:59:02.376913152Z,75
2016-12-28T19:09:05.08920192Z,77
2016-12-28T19:19:07.378820864Z,75
2016-12-28T19:29:09.383488Z,76
2016-12-28T19:39:11.129532928Z,77
2016-12-28T19:49:13.436246016Z,77
2016-12-28T19:59:15.38669312Z,74
2016-12-28T20:09:17.210188032Z,74
2016-12-28T20:19:19.567298816Z,74
2016-12-28T20:29:21.87426304Z,76
2016-12-28T20:39:24.575310848Z,79
2016-12-28T20:49:26.327475968Z,78
2016-12-28T20:59:28.439163904Z,81
2016-12-28T21:09:30.20392704Z,81
2016-12-28T21:19:32.381478144Z,83
2016-12-28T21:29:34.059629056Z,81
2016-12-28T21:39:35.880114944Z,80
2016-12-28T21:49:37.625426944Z,77
2016-12-28T21:59:39.492028928Z,77
2016-12-28T22:09:41.484513024Z,76
2016-12-28T22:19:43.299673088Z,75
2016-12-28T22:29:45.00010496Z,73
2016-12-28T22:39:46.96684416Z,74
2016-12-28T22:49:48.969152Z,74
2016-12-28T22:59:50.992826112Z,76
2016-12-28T23:09:52.563293952Z,78
2016-12-28T23:19:54.58758912Z,76
2016-12-28T23:29:56.323641088Z,78
2016-12-28T23:39:58.635552Z,77
2016-12-28T23:50:00.480393984Z,78
2016-12-29T00:00:02.668477952Z,74
2016-12-29T00:10:04.393978112Z,76
2016-12-29T00:20:06.545798912Z,76
2016-12-29T00:30:08.246601216Z,76
2016-12-29T00:40:10.241689856Z,78
2016-12-29T00:50:12.01525504Z,79
2016-12-29T01:00:14.2247168Z,79
2016-12-29T01:10:15.659437824Z,79
2016-12-29T01:20:17.831312896Z,77
2016-12-29T01:30:19.676347904Z,76
2016-12-29T01:40:21.623555072Z,76
2016-12-29T01:50:23.16066688Z,75
2016-12-29T02:00:25.13129088Z,77
2016-12-29T02:10:26.568350976Z,76
2016-12-29T02:20:28.330322944Z,76
2016-12-29T02:30:29.765295872Z,75
2016-12-29T02:40:31.971083008Z,75
2016-12-29T02:50:33.434750976Z,75
2016-12-29T03:00:35.251120128Z,76
2016-12-29T03:10:36.882644992Z,77
2016-12-29T03:20:38.677661952Z,77
2016-12-29T03:30:40.360402176Z,77
2016-12-29T03:40:42.332485888Z,77
2016-12-29T03:50:44.097305088Z,76
2016-12-29T04:00:45.708230144Z,76
2016-12-29T04:10:47.405661952Z,75
2016-12-29T04:20:49.99653504Z,75
2016-12-29T04:30:51.830818048Z,73
2016-12-29T04:40:53.97732992Z,73
2016-12-29T04:50:55.757272832Z,74
2016-12-29T05:00:57.439464192Z,75
2016-12-29T05:10:58.952596992Z,75
2016-12-29T05:21:00.695340032Z,74
2016-12-29T05:31:02.406768128Z,75
2016-12-29T05:41:04.16084608Z,75
2016-12-29T05:51:05.565313024Z,75
2016-12-29T06:01:07.382909184Z,76
2016-12-29T06:11:08.968214016Z,75
2016-12-29T06:21:10.701453056Z,77
2016-12-29T06:31:12.267113984Z,75
2016-12-29T06:41:14.088249088Z,74
2016-12-29T06:51:15.659104Z,74
2016-12-29T07:01:17.3451072Z,76
2016-12-29T07:11:18.954840832Z,73
2016-12-29T07:21:20.580905984Z,73
2016-12-29T07:31:22.331311872Z,76
2016-12-29T07:41:24.099094016Z,77
2016-12-29T07:51:25.692595968Z,77
2016-12-29T08:01:27.570516224Z,78
2016-12-29T08:11:29.094508032Z,76
2016-12-29T08:21:30.666446848Z,77
2016-12-29T08:31:32.537132032Z,78
2016-12-29T08:41:34.325805056Z,75
2016-12-29T08:51:35.900278016Z,75
2016-12-29T09:01:37.563323904Z,78
2016-12-29T09:11:39.126491904Z,79
2016-12-29T09:21:40.722786048Z,79
2016-12-29T09:31:42.153893888Z,83
2016-12-29T09:41:43.92482816Z,76
2016-12-29T09:51:45.471755008Z,76
2016-12-29T10:01:47.160317952Z,71
2016-12-29T10:11:48.674160128Z,71
2016-12-29T10:21:50.227610112Z,71
2016-12-29T10:31:51.878420224Z,72
2016-12-29T10:41:54.052154112Z,76
2016-12-29T10:51:55.728781824Z,76
2016-12-29T11:01:57.328283904Z,77
2016-12-29T11:11:58.927165952Z,74
2016-12-29T11:22:00.480665856Z,74
2016-12-29T11:32:02.358521856Z,74
2016-12-29T11:42:03.888115968Z,74
2016-12-29T11:52:05.331753984Z,75
2016-12-29T12:02:07.250396928Z,75
2016-12-29T12:12:08.824327936Z,74
2016-12-29T12:22:10.64161408Z,74
2016-12-29T12:32:12.138425088Z,74
2016-12-29T12:42:13.950537984Z,72
2016-12-29T12:52:15.744079104Z,70
2016-12-29T13:02:17.50415104Z,70
2016-12-29T13:12:19.124731904Z,78
2016-12-29T13:22:20.935766016Z,80
2016-12-29T13:32:22.53008384Z,80
2016-12-29T13:42:24.41678592Z,83
2016-12-29T13:52:26.232002048Z,81
2016-12-29T14:02:27.997957888Z,81
2016-12-29T14:12:29.735572224Z,92
2016-12-29T14:22:31.402044928Z,96
2016-12-29T14:32:33.118884096Z,96
2016-12-29T14:42:34.86141696Z,97
2016-12-29T14:52:36.2673408Z,93
2016-12-29T15:02:38.106060032Z,93
2016-12-29T15:12:39.756550912Z,94
2016-12-29T15:22:41.499616Z,88
2016-12-29T15:32:43.201757952Z,88
2016-12-29T15:42:45.261552128Z,85
2016-12-29T15:52:47.196384Z,84
2016-12-29T16:02:49.73007104Z,84
2016-12-29T16:12:51.42693504Z,84
2016-12-29T16:22:54.52758784Z,82
2016-12-29T16:32:56.71643392Z,82
2016-12-29T16:42:58.538916096Z,83
2016-12-29T16:53:00.30330496Z,83
2016-12-29T17:03:02.23236608Z,83
2016-12-29T17:13:04.496603904Z,86
2016-12-29T17:23:06.477110016Z,85
2016-12-29T17:33:08.18594688Z,85
2016-12-29T17:43:10.454061056Z,86
2016-12-29T17:53:12.507165952Z,87
2016-12-29T18:03:14.70235392Z,87
2016-12-29T18:13:16.421117952Z,84
2016-12-29T18:23:18.32796416Z,82
2016-12-29T18:33:20.309108992Z,82
2016-12-29T18:43:22.704580096Z,76
2016-12-29T18:53:24.662401792Z,78
2016-12-29T19:03:26.715049984Z,78
2016-12-29T19:13:28.442909952Z,79
2016-12-29T19:23:30.699617024Z,83
2016-12-29T19:33:33.083448832Z,82
2016-12-29T19:43:35.257272064Z,81
2016-12-29T19:53:37.065090816Z,89
2016-12-29T20:03:39.262233088Z,87
2016-12-29T20:13:41.146658816Z,94
2016-12-29T20:23:43.813277952Z,81
2016-12-29T20:33:45.529537024Z,76
2016-12-29T20:43:47.782411008Z,74
2016-12-29T20:53:49.619406848Z,75
2016-12-29T21:03:51.552342016Z,76
2016-12-29T21:13:53.142676992Z,81
2016-12-29T21:23:55.197500928Z,84
2016-12-29T21:33:56.854820864Z,80
2016-12-29T21:43:59.000407808Z,80
2016-12-29T21:54:00.609164032Z,81
2016-12-29T22:04:02.720370944Z,79
2016-12-29T22:14:04.562398976Z,76
2016-12-29T22:24:06.402930944Z,77
2016-12-29T22:34:08.159964928Z,78
2016-12-29T22:44:10.101673984Z,79
2016-12-29T22:54:11.87146496Z,80
2016-12-29T23:04:13.918420992Z,81
2016-12-29T23:14:15.486738944Z,80
2016-12-29T23:24:17.360621056Z,81
2016-12-29T23:34:19.007181824Z,82
2016-12-29T23:44:20.918767872Z,82
2016-12-29T23:54:22.599149056Z,82
2016-12-30T00:04:24.555736064Z,84
2016-12-30T00:14:26.105366016Z,77
2016-12-30T00:24:27.954823936Z,78
2016-12-30T00:34:29.73848192Z,79
2016-12-30T00:44:32.2064Z,79
2016-12-30T00:54:33.867867904Z,82
2016-12-30T01:04:35.534146048Z,81
2016-12-30T01:14:37.465331968Z,84
2016-12-30T01:24:39.264635136Z,79
2016-12-30T01:34:40.992428032Z,77
2016-12-30T01:44:42.62633216Z,78
2016-12-30T01:54:44.210639872Z,79
2016-12-30T02:04:46.019727104Z,80
2016-12-30T02:14:47.556740096Z,77
2016-12-30T02:24:49.165908224Z,78
2016-12-30T02:34:50.833758976Z,78
2016-12-30T02:44:52.659537152Z,79
2016-12-30T02:54:54.246310912Z,80
2016-12-30T03:04:55.912915968Z,79
2016-12-30T03:14:57.339358976Z,79
2016-12-30T03:24:59.09429504Z,78
2016-12-30T03:35:00.798556928Z,78
2016-12-30T03:45:02.470145024Z,78
2016-12-30T03:55:04.021719808Z,94
2016-12-30T04:05:05.746514944Z,91
2016-12-30T04:15:07.910872832Z,88
2016-12-30T04:25:09.668135936Z,86
2016-12-30T04:35:11.295609856Z,86
2016-12-30T04:45:13.258332928Z,80
2016-12-30T04:55:14.84569088Z,78
2016-12-30T05:05:16.736728064Z,78
2016-12-30T05:15:18.511475968Z,82
2016-12-30T05:25:20.075022848Z,81
2016-12-30T05:35:21.718956032Z,81
2016-12-30T05:45:23.486772992Z,80
2016-12-30T05:55:24.950142976Z,76
2016-12-30T06:05:26.715616Z,76
2016-12-30T06:15:28.22574208Z,78
2016-12-30T06:25:29.9685632Z,77
2016-12-30T06:35:31.731203072Z,77
2016-12-30T06:45:34.627956992Z,78
2016-12-30T06:55:36.146706176Z,77
2016-12-30T07:05:37.739937024Z,92
2016-12-30T07:15:39.409466112Z,88
2016-12-30T07:25:41.121088Z,74
2016-12-30T07:35:42.79543808Z,74
2016-12-30T07:45:44.456060928Z,75
2016-12-30T07:55:46.051318784Z,74
2016-12-30T08:05:47.853149952Z,74
2016-12-30T08:15:50.790220032Z,73
2016-12-30T08:25:52.351897856Z,73
2016-12-30T08:35:54.211246848Z,73
2016-12-30T08:45:56.296911104Z,76
2016-12-30T08:55:57.985884928Z,72
2016-12-30T09:05:59.72602112Z,72
2016-12-30T09:16:01.233737984Z,70
2016-12-30T09:26:02.810713088Z,71
2016-12-30T09:36:04.277466112Z,71
2016-12-30T09:46:05.855792896Z,71
2016-12-30T09:56:07.720611072Z,73
2016-12-30T10:06:09.487424Z,73
2016-12-30T10:16:10.897613056Z,70
2016-12-30T10:26:12.879664896Z,74
2016-12-30T10:36:14.409558016Z,74
2016-12-30T10:46:16.087728128Z,74
2016-12-30T10:56:17.70536704Z,74
2016-12-30T11:06:19.448934912Z,74
2016-12-30T11:16:21.004990976Z,74
2016-12-30T11:26:23.005899008Z,74
2016-12-30T11:36:24.55679104Z,74
2016-12-30T11:46:26.259331072Z,74
2016-12-30T11:56:27.998034944Z,74
2016-12-30T12:06:29.692305152Z,74
2016-12-30T12:16:32.284281088Z,74
2016-12-30T12:26:34.163001088Z,74
2016-12-30T12:36:35.757422848Z,74
2016-12-30T12:46:37.543296Z,79
2016-12-30T12:56:39.073335808Z,72
2016-12-30T13:06:40.715389952Z,72
2016-12-30T13:16:42.207209984Z,69
2016-12-30T13:26:43.877302016Z,72
2016-12-30T13:36:45.543444992Z,71
2016-12-30T13:46:47.19712896Z,70
2016-12-30T13:56:48.690692864Z,95
2016-12-30T14:06:50.506809088Z,91
2016-12-30T14:16:52.04560896Z,89
2016-12-30T14:26:53.609110016Z,86
2016-12-30T14:36:55.461838848Z,84
2016-12-30T14:46:57.351172096Z,91
2016-12-30T14:56:59.103571968Z,102
2016-12-30T15:07:00.682557952Z,87
2016-12-30T15:17:02.28079104Z,88
2016-12-30T15:27:04.006934016Z,91
2016-12-30T15:37:05.490034944Z,93
2016-12-30T15:47:07.602562048Z,91
2016-12-30T15:57:09.229899008Z,90
2016-12-30T16:07:11.252230912Z,90
2016-12-30T16:17:12.870921984Z,91
2016-12-30T16:27:14.581765888Z,92
2016-12-30T16:37:16.54530688Z,89
2016-12-30T16:47:18.927307008Z,87
2016-12-30T16:57:20.581479168Z,86
2016-12-30T17:07:22.578452224Z,85
2016-12-30T17:17:24.388973056Z,85
2016-12-30T17:27:26.261420032Z,89
2016-12-30T17:37:27.909107968Z,86
2016-12-30T17:47:29.738582016Z,87
2016-12-30T17:57:31.30344704Z,91
2016-12-30T18:07:33.311943936Z,85
2016-12-30T18:17:35.012263168Z,85
2016-12-30T18:27:36.774992896Z,79
2016-12-30T18:37:38.97579904Z,77
2016-12-30T18:47:40.940592128Z,77
2016-12-30T18:57:42.738465024Z,77
2016-12-30T19:07:44.989942016Z,77
2016-12-30T19:17:47.710791168Z,75
2016-12-30T19:27:49.593355008Z,76
2016-12-30T19:37:51.48269696Z,77
2016-12-30T19:47:53.508307968Z,80
2016-12-30T19:57:55.21904896Z,81
2016-12-30T20:07:57.169627904Z,79
2016-12-30T20:17:58.810658048Z,80
2016-12-30T20:28:00.873276928Z,79
2016-12-30T20:38:02.656193024Z,79
2016-12-30T20:48:04.827960064Z,78
2016-12-30T20:58:06.504473856Z,76
2016-12-30T21:08:08.513670912Z,77
2016-12-30T21:18:10.428626944Z,77
2016-12-30T21:28:13.815058944Z,76
2016-12-30T21:38:15.50639104Z,75
2016-12-30T21:48:17.874112Z,76
2016-12-30T21:58:20.49376384Z,75
2016-12-30T22:08:23.234260992Z,76
2016-12-30T22:18:24.915212032Z,76
2016-12-30T22:28:26.693990912Z,77
2016-12-30T22:38:28.306066944Z,76
2016-12-30T22:48:30.148964864Z,76
2016-12-30T22:58:32.087373056Z,77
2016-12-30T23:08:34.10237184Z,80
2016-12-30T23:18:35.859052032Z,79
2016-12-30T23:28:37.73010304Z,79
2016-12-30T23:38:39.417181952Z,79
2016-12-30T23:48:41.35001216Z,78
2016-12-30T23:58:42.995433216Z,78
2016-12-31T00:08:45.076431104Z,77
2016-12-31T00:18:47.512931072Z,81
2016-12-31T00:28:49.073449984Z,78
2016-12-31T00:38:51.815789056Z,79
2016-12-31T00:48:53.647649024Z,79
2016-12-31T00:58:55.49239296Z,79
2016-12-31T01:08:57.6327232Z,77
2016-12-31T01:18:59.03744896Z,77
2016-12-31T01:29:00.659547136Z,78
2016-12-31T01:39:02.14047104Z,78
2016-12-31T01:49:03.822287104Z,79
2016-12-31T01:59:05.34898304Z,80
2016-12-31T02:09:06.998406912Z,77
2016-12-31T02:19:08.407810816Z,78
2016-12-31T02:29:10.098754048Z,75
2016-12-31T02:39:11.543484928Z,76
2016-12-31T02:49:13.085452032Z,75
2016-12-31T02:59:14.817504Z,76
2016-12-31T03:09:16.450434816Z,76
2016-12-31T03:19:18.22112Z,76
2016-12-31T03:29:20.203710976Z,82
2016-12-31T03:39:21.685702912Z,81
2016-12-31T03:49:23.478358016Z,81
2016-12-31T03:59:24.945491968Z,82
2016-12-31T04:09:27.976481024Z,80
2016-12-31T04:19:29.721648896Z,80
2016-12-31T04:29:31.467264768Z,76
2016-12-31T04:39:33.264257792Z,75
2016-12-31T04:49:35.054418944Z,75
2016-12-31T04:59:36.552990976Z,75
2016-12-31T05:09:38.342509056Z,75
2016-12-31T05:19:39.96079488Z,75
2016-12-31T05:29:41.666272Z,76
2016-12-31T05:39:43.118607104Z,76
2016-12-31T05:49:44.95183616Z,76
2016-12-31T05:59:46.486148096Z,77
2016-12-31T06:09:48.212161024Z,77
2016-12-31T06:19:49.642726912Z,77
2016-12-31T06:29:51.203047936Z,75
2016-12-31T06:39:52.873285888Z,74
2016-12-31T06:49:55.026628096Z,74
2016-12-31T06:59:57.184896Z,76
2016-12-31T07:09:59.038189056Z,73
2016-12-31T07:20:00.831126016Z,73
2016-12-31T07:30:03.678379008Z,76
2016-12-31T07:40:05.252357888Z,78
2016-12-31T07:50:07.061103104Z,77
2016-12-31T08:00:09.096838912Z,78
2016-12-31T08:10:10.943631872Z,76
2016-12-31T08:20:12.593671936Z,76
2016-12-31T08:30:14.476384Z,73
2016-12-31T08:40:16.135604992Z,73
2016-12-31T08:50:17.903713024Z,73
2016-12-31T09:00:19.407012864Z,75
2016-12-31T09:10:21.024782848Z,74
2016-12-31T09:20:23.053755136Z,74
2016-12-31T09:30:24.734147072Z,72
2016-12-31T09:40:26.420985088Z,71
2016-12-31T09:50:28.436688896Z,71
2016-12-31T10:00:29.969443072Z,71
2016-12-31T10:10:31.542113024Z,73
2016-12-31T10:20:32.957902848Z,73
2016-12-31T10:30:34.668109056Z,70
2016-12-31T10:40:36.269190912Z,70
2016-12-31T10:50:38.128743936Z,70
2016-12-31T11:00:39.660547072Z,69
2016-12-31T11:10:41.186594048Z,74
2016-12-31T11:20:42.843437824Z,74
2016-12-31T11:30:44.653884928Z,75
2016-12-31T11:40:46.63579008Z,77
2016-12-31T11:50:48.358266112Z,77
2016-12-31T12:00:49.8283328Z,77
2016-12-31T12:10:51.524269056Z,74
2016-12-31T12:20:53.021153024Z,74
2016-12-31T12:30:54.795748096Z,74
2016-12-31T12:40:56.379493888Z,74
2016-12-31T12:50:58.198745088Z,74
2016-12-31T13:01:00.04966912Z,74
2016-12-31T13:11:01.602427904Z,74
2016-12-31T13:21:03.222388992Z,74
2016-12-31T13:31:04.860419072Z,74
2016-12-31T13:41:06.333957888Z,74
2016-12-31T13:51:08.075644928Z,74
2016-12-31T14:01:09.777331968Z,74
2016-12-31T14:11:11.545814016Z,84
2016-12-31T14:21:13.105582848Z,83
2016-12-31T14:31:14.737267968Z,79
2016-12-31T14:41:16.413021184Z,79
2016-12-31T14:51:17.943916032Z,80
2016-12-31T15:01:19.439577088Z,92
2016-12-31T15:11:21.002850048Z,95
2016-12-31T15:21:23.48272896Z,95
2016-12-31T15:31:25.010322176Z,104
2016-12-31T15:41:26.599868928Z,102
2016-12-31T15:51:28.428860928Z,101
2016-12-31T16:01:30.362795008Z,111
2016-12-31T16:11:32.652764928Z,100
2016-12-31T16:21:34.093470976Z,100
2016-12-31T16:31:35.856230144Z,88
2016-12-31T16:41:37.382036992Z,83
2016-12-31T16:51:38.946390016Z,84
2016-12-31T17:01:40.52513792Z,89
2016-12-31T17:11:42.269188864Z,89
2016-12-31T17:21:43.855348224Z,90
2016-12-31T17:31:45.450249984Z,88
2016-12-31T17:41:47.728948992Z,87
2016-12-31T17:51:49.732395008Z,86
2016-12-31T18:01:51.990174976Z,84
2016-12-31T18:11:53.869427968Z,83
2016-12-31T18:21:56.05341184Z,83
2016-12-31T18:31:57.982829056Z,82
2016-12-31T18:41:59.362845952Z,86
2016-12-31T18:52:01.528523008Z,82
2016-12-31T19:02:03.035463168Z,81
2016-12-31T19:12:05.092116224Z,81
2016-12-31T19:22:06.721317888Z,80
2016-12-31T19:32:08.581603072Z,82
2016-12-31T19:42:11.252569088Z,82
2016-12-31T19:52:13.472184832Z,79
2016-12-31T20:02:15.122296064Z,81
2016-12-31T20:12:18.793191936Z,79
2016-12-31T20:22:20.222523904Z,79
2016-12-31T20:32:23.6954688Z,78
2016-12-31T20:42:26.075195136Z,74
2016-12-31T20:52:27.87909888Z,73
2016-12-31T21:02:29.688515072Z,74
2016-12-31T21:12:31.39866496Z,74
2016-12-31T21:22:33.203072Z,72
2016-12-31T21:32:34.824542976Z,72
2016-12-31T21:42:36.393275136Z,73
2016-12-31T21:52:38.027898112Z,75
2016-12-31T22:02:39.49211904Z,75
2016-12-31T22:12:41.347372032Z,74
2016-12-31T22:22:42.901451008Z,73
2016-12-31T22:32:45.699037952Z,73
2016-12-31T22:42:47.439439104Z,73
2016-12-31T22:52:49.020540928Z,74
2016-12-31T23:02:51.912262912Z,75
2016-12-31T23:12:53.837436928Z,75
2016-12-31T23:22:55.405196032Z,75
2016-12-31T23:32:57.048308992Z,79
2016-12-31T23:42:59.014908928Z,80
2016-12-31T23:53:00.626137856Z,80
2017-01-01T00:03:01.138791936Z,80
2017-01-01T00:13:02.750190848Z,81
2017-01-01T00:23:06.52827008Z,83
2017-01-01T00:33:08.100577024Z,83
2017-01-01T00:43:09.776248064Z,79
2017-01-01T00:53:12.437056Z,76
2017-01-01T01:03:14.10718208Z,76
2017-01-01T01:13:15.70745984Z,77
2017-01-01T01:23:17.207390976Z,78
2017-01-01T01:33:19.125901824Z,85
2017-01-01T01:43:20.732801024Z,85
2017-01-01T01:53:22.672875008Z,86
2017-01-01T02:03:24.225473024Z,85
2017-01-01T02:13:25.80167296Z,83
2017-01-01T02:23:27.79687808Z,81
2017-01-01T02:33:29.44800896Z,81
2017-01-01T02:43:31.031712Z,81
2017-01-01T02:53:32.765163008Z,80
2017-01-01T03:03:34.420749056Z,80
2017-01-01T03:13:36.040167168Z,80
2017-01-01T03:23:37.61677184Z,82
2017-01-01T03:33:39.170393088Z,81
2017-01-01T03:43:41.127567104Z,78
2017-01-01T03:53:44.237839872Z,76
2017-01-01T04:03:45.710299904Z,76
2017-01-01T04:13:47.468459008Z,75
2017-01-01T04:23:49.11914496Z,73
2017-01-01T04:33:50.812377856Z,73
2017-01-01T04:43:52.448619008Z,74
2017-01-01T04:53:54.201334016Z,75
2017-01-01T05:03:55.998995968Z,75
2017-01-01T05:13:57.71847296Z,76
2017-01-01T05:23:59.226167808Z,76
2017-01-01T05:34:00.884985856Z,77
2017-01-01T05:44:02.475953152Z,75
2017-01-01T05:54:04.165848064Z,75
2017-01-01T06:04:06.25907712Z,75
2017-01-01T06:14:08.085947904Z,76
2017-01-01T06:24:09.6359552Z,76
2017-01-01T06:34:11.272238848Z,75
2017-01-01T06:44:12.905668096Z,74
2017-01-01T06:54:14.979026944Z,74
2017-01-01T07:04:16.410566144Z,74
2017-01-01T07:14:18.147342848Z,75
2017-01-01T07:24:20.985682944Z,73
2017-01-01T07:34:22.634604032Z,73
2017-01-01T07:44:24.492760064Z,73
2017-01-01T07:54:26.194123008Z,72
2017-01-01T08:04:28.860951808Z,72
2017-01-01T08:14:31.136563968Z,74
2017-01-01T08:24:32.604216064Z,74
2017-01-01T08:34:34.200769024Z,74
2017-01-01T08:44:35.702063104Z,76
2017-01-01T08:54:38.246722048Z,76
2017-01-01T09:04:40.034558976Z,76
2017-01-01T09:14:41.873830144Z,71
2017-01-01T09:24:43.54670592Z,72
2017-01-01T09:34:45.382087936Z,72
2017-01-01T09:44:47.030456064Z,70
2017-01-01T09:54:48.829457152Z,70
2017-01-01T10:04:50.398412032Z,70
2017-01-01T10:14:52.433830144Z,67
2017-01-01T10:24:54.32743808Z,68
2017-01-01T10:34:57.175579904Z,68
2017-01-01T10:44:58.695305984Z,69
2017-01-01T10:55:00.442543872Z,69
2017-01-01T11:05:02.15138688Z,69
2017-01-01T11:15:04.03972096Z,69
2017-01-01T11:25:05.720807168Z,75
2017-01-01T11:35:07.370144Z,75
2017-01-01T11:45:09.288333824Z,76
2017-01-01T11:55:10.956340992Z,75
2017-01-01T12:05:12.403659008Z,75
2017-01-01T12:15:14.116507136Z,76
2017-01-01T12:25:15.538456832Z,74
2017-01-01T12:35:17.241374976Z,74
2017-01-01T12:45:18.994339072Z,74
2017-01-01T12:55:20.640982016Z,74
2017-01-01T13:05:22.119699968Z,74
2017-01-01T13:15:23.67503488Z,74
2017-01-01T13:25:25.170116864Z,74
2017-01-01T13:35:27.171904Z,74
2017-01-01T13:45:29.633616896Z,74
2017-01-01T13:55:31.590404864Z,74
2017-01-01T14:05:33.425723136Z,74
2017-01-01T14:15:35.046919168Z,74
2017-01-01T14:25:36.559396096Z,74
2017-01-01T14:35:38.496294912Z,74
2017-01-01T14:45:40.066628864Z,74
2017-01-01T14:55:41.789128192Z,75
2017-01-01T15:05:43.474109952Z,75
2017-01-01T15:15:45.202140928Z,109
2017-01-01T15:25:46.68984704Z,105
2017-01-01T15:35:48.393444096Z,105
2017-01-01T15:45:50.295001856Z,107
2017-01-01T15:55:52.080486144Z,111
2017-01-01T16:05:53.614758912Z,110
2017-01-01T16:15:56.01915008Z,100
2017-01-01T16:25:57.455614976Z,88
2017-01-01T16:35:59.078681088Z,88
2017-01-01T16:46:00.735152896Z,83
2017-01-01T16:56:02.594827008Z,89
2017-01-01T17:06:04.203646976Z,89
2017-01-01T17:16:05.970750976Z,89
2017-01-01T17:26:07.936036096Z,88
2017-01-01T17:36:09.550800128Z,88
2017-01-01T17:46:11.056886784Z,87
2017-01-01T17:56:12.770299904Z,84
2017-01-01T18:06:14.279062016Z,84
2017-01-01T18:16:17.047361024Z,83
2017-01-01T18:26:18.717263872Z,82
2017-01-01T18:36:20.579628032Z,82
2017-01-01T18:46:22.153961984Z,86
2017-01-01T18:56:23.805020928Z,84
2017-01-01T19:06:25.206834944Z,80
2017-01-01T19:16:26.94950016Z,81
2017-01-01T19:26:28.362966016Z,80
2017-01-01T19:36:29.961724928Z,80
2017-01-01T19:46:31.543906048Z,73
2017-01-01T19:56:33.129729024Z,72
2017-01-01T20:06:37.52366208Z,73
2017-01-01T20:16:39.550714112Z,72
2017-01-01T20:26:41.324822784Z,70
2017-01-01T20:36:43.258840064Z,69
2017-01-01T20:46:45.477735168Z,71
2017-01-01T20:56:47.494301952Z,73
2017-01-01T21:06:49.199326976Z,73
2017-01-01T21:16:51.123549952Z,72
2017-01-01T21:26:52.749579008Z,74
2017-01-01T21:36:54.568108032Z,77
2017-01-01T21:46:56.223873024Z,79
2017-01-01T21:56:58.920834048Z,91
2017-01-01T22:07:00.524144896Z,80
2017-01-01T22:17:02.391164928Z,78
2017-01-01T22:27:03.868813056Z,77
2017-01-01T22:37:05.750948864Z,73
2017-01-01T22:47:07.329309952Z,73
2017-01-01T22:57:09.082736128Z,74
2017-01-01T23:07:10.688519936Z,77
2017-01-01T23:17:12.390626048Z,76
2017-01-01T23:27:13.988905984Z,76
2017-01-01T23:37:15.744914944Z,75
2017-01-01T23:47:17.522132992Z,76
2017-01-01T23:57:19.332282112Z,78
2017-01-02T00:07:22.101607168Z,79
2017-01-02T00:17:23.910022144Z,79
2017-01-02T00:27:25.537810944Z,82
2017-01-02T00:37:28.690778112Z,78
2017-01-02T00:47:30.110817792Z,74
2017-01-02T00:57:32.24014592Z,74
2017-01-02T01:07:33.61624704Z,75
2017-01-02T01:17:35.38908288Z,75
2017-01-02T01:27:36.970017024Z,78
2017-01-02T01:37:38.5552Z,77
2017-01-02T01:47:40.09034496Z,77
2017-01-02T01:57:43.688910848Z,76
2017-01-02T02:07:45.261805056Z,73
2017-01-02T02:17:46.906232064Z,73
2017-01-02T02:27:49.699686912Z,72
2017-01-02T02:37:51.780738048Z,72
2017-01-02T02:47:53.231143936Z,72
2017-01-02T02:57:54.873019904Z,72
2017-01-02T03:07:56.355457024Z,80
2017-01-02T03:17:57.99207808Z,80
2017-01-02T03:27:59.480472064Z,81
2017-01-02T03:38:01.51207808Z,78
2017-01-02T03:48:03.123308032Z,78
2017-01-02T03:58:04.954977024Z,76
2017-01-02T04:08:06.477776896Z,75
2017-01-02T04:18:08.461062912Z,75
2017-01-02T04:28:10.051821056Z,76
2017-01-02T04:38:12.084321024Z,79
2017-01-02T04:48:14.673670144Z,79
2017-01-02T04:58:16.518870016Z,88
2017-01-02T05:08:20.054529792Z,86
2017-01-02T05:18:22.360033024Z,86
2017-01-02T05:28:23.891798016Z,83
2017-01-02T05:38:25.769402112Z,81
2017-01-02T05:48:27.705369088Z,81
2017-01-02T05:58:29.801559808Z,80
2017-01-02T06:08:31.254308096Z,84
2017-01-02T06:18:32.92368896Z,84
2017-01-02T06:28:34.787858944Z,83
2017-01-02T06:38:36.649344Z,77
2017-01-02T06:48:39.696515072Z,77
2017-01-02T06:58:41.501291008Z,75
2017-01-02T07:08:43.092644864Z,77
2017-01-02T07:18:44.7401472Z,77
2017-01-02T07:28:46.278795008Z,73
2017-01-02T07:38:48.082863104Z,73
2017-01-02T07:48:49.880596992Z,73
2017-01-02T07:58:51.599646976Z,74
2017-01-02T08:08:53.129501952Z,73
2017-01-02T08:18:54.698612992Z,73
2017-01-02T08:28:56.325291008Z,70
2017-01-02T08:38:57.996736Z,71
2017-01-02T08:48:59.603805952Z,71
2017-01-02T08:59:01.886758144Z,76
2017-01-02T09:09:03.784178944Z,75
2017-01-02T09:19:05.49004288Z,75
2017-01-02T09:29:07.307846144Z,77
2017-01-02T09:39:09.202429952Z,77
2017-01-02T09:49:10.62621184Z,77
2017-01-02T09:59:12.72848384Z,77
2017-01-02T10:09:14.294162944Z,73
2017-01-02T10:19:15.885721856Z,73
2017-01-02T10:29:18.02736Z,74
2017-01-02T10:39:19.982785024Z,74
2017-01-02T10:49:21.393969152Z,74
2017-01-02T10:59:23.386274048Z,74
2017-01-02T11:09:25.296129024Z,74
2017-01-02T11:19:27.437905152Z,74
2017-01-02T11:29:29.155073024Z,74
2017-01-02T11:39:30.852482048Z,74
2017-01-02T11:49:32.358831872Z,74
2017-01-02T11:59:34.40062592Z,74
2017-01-02T12:09:35.840568064Z,74
2017-01-02T12:19:37.60083712Z,74
2017-01-02T12:29:39.339099904Z,74
2017-01-02T12:39:40.935801088Z,71
2017-01-02T12:49:42.70880512Z,71
2017-01-02T12:59:44.496059904Z,74
2017-01-02T13:09:45.967936Z,74
2017-01-02T13:19:47.586267904Z,74
2017-01-02T13:29:49.381499904Z,74
2017-01-02T13:39:51.80816512Z,74
2017-01-02T13:49:53.564322048Z,74
2017-01-02T13:59:55.382091008Z,74
2017-01-02T14:09:57.056237824Z,74
2017-01-02T14:19:58.622075136Z,74
2017-01-02T14:30:00.870462976Z,90
2017-01-02T14:40:02.462589952Z,104
2017-01-02T14:50:04.232912128Z,104
2017-01-02T15:00:06.08756096Z,109
2017-01-02T15:10:07.585318144Z,104
2017-01-02T15:20:09.201762816Z,104
2017-01-02T15:30:11.017268992Z,90
2017-01-02T15:40:12.890820096Z,84
2017-01-02T15:50:14.482091008Z,84
2017-01-02T16:00:16.394781184Z,111
2017-01-02T16:10:17.999876864Z,100
2017-01-02T16:20:19.82130688Z,100
2017-01-02T16:30:21.548912896Z,88
2017-01-02T16:40:23.530124032Z,83
2017-01-02T16:50:25.274050048Z,83
2017-01-02T17:00:27.24165504Z,89
2017-01-02T17:10:29.087865088Z,89
2017-01-02T17:20:31.21605504Z,88
2017-01-02T17:30:33.094029824Z,87
2017-01-02T17:40:35.44788992Z,86
2017-01-02T17:50:37.377446912Z,86
2017-01-02T18:00:39.462141952Z,84
2017-01-02T18:10:41.307899904Z,83
2017-01-02T18:20:43.44615296Z,83
2017-01-02T18:30:45.340248064Z,82
2017-01-02T18:40:47.353633024Z,86
2017-01-02T18:50:49.23540992Z,86
2017-01-02T19:00:51.321469952Z,84
2017-01-02T19:10:53.085555968Z,77
2017-01-02T19:20:55.073681152Z,80
2017-01-02T19:30:56.744751104Z,83
2017-01-02T19:40:58.73784704Z,77
2017-01-02T19:51:00.358514176Z,76
2017-01-02T20:01:02.382551808Z,74
2017-01-02T20:11:03.979922944Z,73
2017-01-02T20:21:05.79041792Z,71
2017-01-02T20:31:07.970989056Z,71
2017-01-02T20:41:09.771094016Z,72
2017-01-02T20:51:11.557536Z,72
2017-01-02T21:01:14.087239936Z,72
2017-01-02T21:11:15.66727808Z,72
2017-01-02T21:21:17.755408896Z,73
2017-01-02T21:31:19.61116288Z,73
2017-01-02T21:41:21.543097088Z,74
2017-01-02T21:51:23.410751232Z,75
2017-01-02T22:01:25.351974912Z,87
2017-01-02T22:11:27.023799808Z,82
2017-01-02T22:21:29.354448128Z,82
2017-01-02T22:31:31.096112128Z,79
2017-01-02T22:41:33.036734208Z,77
2017-01-02T22:51:34.678610944Z,77
2017-01-02T23:01:36.497682944Z,76
2017-01-02T23:11:38.279576064Z,75
2017-01-02T23:21:40.237234176Z,75
2017-01-02T23:31:41.916007936Z,74
2017-01-02T23:41:43.93736704Z,74
2017-01-02T23:51:45.675021056Z,74
2017-01-03T00:01:47.880062976Z,75
2017-01-03T00:11:49.44319104Z,75
2017-01-03T00:21:51.22832384Z,75
2017-01-03T00:31:52.997800192Z,76
2017-01-03T00:41:54.746176Z,75
2017-01-03T00:51:56.922036992Z,75
2017-01-03T01:01:58.766781184Z,74
2017-01-03T01:12:00.411596032Z,76
2017-01-03T01:22:02.350009088Z,78
2017-01-03T01:32:04.694113024Z,77
2017-01-03T01:42:06.3237888Z,77
2017-01-03T01:52:07.804622848Z,77
2017-01-03T02:02:09.493310976Z,77
2017-01-03T02:12:11.052027904Z,76
2017-01-03T02:22:12.894329088Z,76
2017-01-03T02:32:14.510718208Z,75
2017-01-03T02:42:16.907228928Z,75
2017-01-03T02:52:18.676886016Z,76
2017-01-03T03:02:20.520402944Z,75
2017-01-03T03:12:22.43632Z,76
2017-01-03T03:22:24.114092032Z,77
2017-01-03T03:32:25.6696192Z,76
2017-01-03T03:42:27.410174976Z,75
2017-01-03T03:52:29.030050048Z,76
2017-01-03T04:02:30.804429056Z,73
2017-01-03T04:12:32.918525952Z,72
2017-01-03T04:22:34.855429888Z,75
2017-01-03T04:32:36.304076032Z,75
2017-01-03T04:42:38.82304Z,77
2017-01-03T04:52:40.563293952Z,81
2017-01-03T05:02:42.420561152Z,88
2017-01-03T05:12:43.917712896Z,85
2017-01-03T05:22:45.679820032Z,83
2017-01-03T05:32:47.45699584Z,83
2017-01-03T05:42:49.341360128Z,81
2017-01-03T05:52:50.914020096Z,80
2017-01-03T06:02:52.778255872Z,80
2017-01-03T06:12:54.26596096Z,84
2017-01-03T06:22:55.909323008Z,83
2017-01-03T06:32:57.622309888Z,83
2017-01-03T06:42:59.218372096Z,77
2017-01-03T06:53:00.794912Z,75
2017-01-03T07:03:02.443042048Z,75
2017-01-03T07:13:04.23832704Z,77
2017-01-03T07:23:06.953766144Z,73
2017-01-03T07:33:08.840865024Z,73
2017-01-03T07:43:10.51098496Z,73
2017-01-03T07:53:12.034651904Z,80
2017-01-03T08:03:13.93382912Z,80
2017-01-03T08:13:15.545149184Z,82
2017-01-03T08:23:17.455714816Z,81
2017-01-03T08:33:19.021977856Z,81
2017-01-03T08:43:20.884169216Z,87
2017-01-03T08:53:22.46723712Z,80
2017-01-03T09:03:24.560955136Z,80
2017-01-03T09:13:26.3891648Z,77
2017-01-03T09:23:27.989638144Z,72
2017-01-03T09:33:29.733458944Z,72
2017-01-03T09:43:31.366166016Z,71
2017-01-03T09:53:32.937152Z,74
2017-01-03T10:03:34.672492032Z,74
2017-01-03T10:13:36.575937024Z,74
2017-01-03T10:23:38.95838592Z,74
2017-01-03T10:33:40.852037888Z,74
2017-01-03T10:43:42.600838912Z,74
2017-01-03T10:53:44.341808128Z,74
2017-01-03T11:03:46.115725056Z,74
2017-01-03T11:13:47.595372032Z,74
2017-01-03T11:23:50.050228992Z,74
2017-01-03T11:33:51.575620864Z,74
2017-01-03T11:43:53.229892864Z,74
2017-01-03T11:53:55.076157952Z,74
2017-01-03T12:03:57.12116096Z,74
2017-01-03T12:13:58.631970048Z,74
2017-01-03T12:24:00.410386944Z,74
2017-01-03T12:34:02.088677888Z,74
2017-01-03T12:44:03.661137152Z,74
2017-01-03T12:54:05.82762496Z,74
2017-01-03T13:04:07.466049024Z,74
2017-01-03T13:14:09.034625024Z,74
2017-01-03T13:24:11.002387968Z,74
2017-01-03T13:34:12.79927296Z,74
2017-01-03T13:44:14.562185984Z,74
2017-01-03T13:54:16.781605888Z,71
2017-01-03T14:04:18.389092864Z,71
2017-01-03T14:14:20.145165824Z,73
2017-01-03T14:24:21.927817984Z,80
2017-01-03T14:34:23.545857792Z,80
2017-01-03T14:44:25.384183808Z,89
2017-01-03T14:54:26.937118976Z,97
2017-01-03T15:04:29.048468224Z,97
2017-01-03T15:14:31.186419968Z,91
2017-01-03T15:24:32.898415104Z,87
2017-01-03T15:34:34.645313024Z,83
2017-01-03T15:44:36.887651072Z,82
2017-01-03T15:54:38.448001024Z,83
2017-01-03T16:04:40.354817024Z,84
2017-01-03T16:14:42.070651904Z,87
2017-01-03T16:24:44.224077824Z,87
2017-01-03T16:34:46.049240064Z,92
2017-01-03T16:44:47.981577984Z,82
2017-01-03T16:54:49.617857024Z,81
2017-01-03T17:04:51.620798208Z,81
2017-01-03T17:14:53.38797696Z,78
2017-01-03T17:24:55.18614016Z,76
2017-01-03T17:34:57.151143168Z,76
2017-01-03T17:44:58.809971968Z,77
2017-01-03T17:55:00.451476992Z,78
2017-01-03T18:05:02.919235072Z,78
2017-01-03T18:15:04.734689024Z,82
2017-01-03T18:25:06.515894784Z,83
2017-01-03T18:35:08.370064128Z,83
2017-01-03T18:45:10.463229952Z,83
2017-01-03T18:55:12.177984Z,82
2017-01-03T19:05:14.311917056Z,82
2017-01-03T19:15:16.239065856Z,81
2017-01-03T19:25:18.284215808Z,80
2017-01-03T19:35:20.495874816Z,76
2017-01-03T19:45:22.69533696Z,81
2017-01-03T19:55:24.288183808Z,82
2017-01-03T20:05:26.487361792Z,79
2017-01-03T20:15:28.733019136Z,80
2017-01-03T20:25:31.402628864Z,78
2017-01-03T20:35:33.522917888Z,75
2017-01-03T20:45:35.639290112Z,73
2017-01-03T20:55:37.518893056Z,73
2017-01-03T21:05:39.50955392Z,73
2017-01-03T21:15:41.349335808Z,73
2017-01-03T21:25:43.276644096Z,74
2017-01-03T21:35:44.901961216Z,76
2017-01-03T21:45:46.875809024Z,75
2017-01-03T21:55:48.671133952Z,75
2017-01-03T22:05:51.265309952Z,75
2017-01-03T22:15:53.537609216Z,76
2017-01-03T22:25:55.340048128Z,76
2017-01-03T22:35:57.419522048Z,75
2017-01-03T22:45:59.651081984Z,74
2017-01-03T22:56:01.495997952Z,75
2017-01-03T23:06:03.57391104Z,75
2017-01-03T23:16:05.273508096Z,74
2017-01-03T23:26:07.231865856Z,73
2017-01-03T23:36:09.097612032Z,73
2017-01-03T23:46:11.438765056Z,74
2017-01-03T23:56:13.303462144Z,73
2017-01-04T00:06:15.599990016Z,74
2017-01-04T00:16:17.192962048Z,74
2017-01-04T00:26:19.311405056Z,74
2017-01-04T00:36:20.861464064Z,74
2017-01-04T00:46:23.287307008Z,74
2017-01-04T00:56:25.230777856Z,75
2017-01-04T01:06:26.96806912Z,73
2017-01-04T01:16:28.521491968Z,74
2017-01-04T01:26:30.47986688Z,80
2017-01-04T01:36:32.912678912Z,81
2017-01-04T01:46:34.927766016Z,83
2017-01-04T01:56:36.861968128Z,81
2017-01-04T02:06:38.745076992Z,79
2017-01-04T02:16:40.212528896Z,77
2017-01-04T02:26:41.97744896Z,77
2017-01-04T02:36:43.566898176Z,74
2017-01-04T02:46:45.42569984Z,76
2017-01-04T02:56:47.06596096Z,78
2017-01-04T03:06:49.03659904Z,78
2017-01-04T03:16:50.569158912Z,78
2017-01-04T03:26:52.44640896Z,77
2017-01-04T03:36:53.948580864Z,76
2017-01-04T03:46:55.693880064Z,76
2017-01-04T03:56:57.438898944Z,78
2017-01-04T04:06:59.30336512Z,79
2017-01-04T04:17:00.74456704Z,79
2017-01-04T04:27:02.720192Z,77
2017-01-04T04:37:04.36608Z,83
2017-01-04T04:47:06.170247168Z,82
2017-01-04T04:57:07.81362688Z,81
2017-01-04T05:07:10.03593984Z,79
2017-01-04T05:17:11.631030016Z,80
2017-01-04T05:27:13.416376064Z,78
2017-01-04T05:37:15.350001152Z,78
2017-01-04T05:47:17.1881088Z,77
2017-01-04T05:57:19.308724992Z,78
2017-01-04T06:07:20.99519104Z,78
2017-01-04T06:17:22.86861696Z,78
2017-01-04T06:27:24.57331712Z,78
2017-01-04T06:37:26.077240064Z,77
2017-01-04T06:47:27.910626048Z,80
2017-01-04T06:57:29.450691072Z,82
2017-01-04T07:07:31.719286016Z,80
2017-01-04T07:17:33.45237888Z,80
2017-01-04T07:27:35.220037888Z,79
2017-01-04T07:37:36.772283904Z,75
2017-01-04T07:47:38.483352832Z,75
2017-01-04T07:57:40.058110976Z,77
2017-01-04T08:07:41.782299136Z,77
2017-01-04T08:17:43.415982848Z,77
2017-01-04T08:27:45.078484992Z,75
2017-01-04T08:37:46.542004224Z,75
2017-01-04T08:47:49.106812928Z,75
2017-01-04T08:57:50.56543104Z,89
2017-01-04T09:07:52.33261696Z,72
2017-01-04T09:17:53.872091136Z,72
2017-01-04T09:27:55.716263168Z,71
2017-01-04T09:37:57.344541952Z,76
2017-01-04T09:47:59.50702592Z,76
2017-01-04T09:58:02.190448896Z,73
2017-01-04T10:08:04.58453888Z,70
2017-01-04T10:18:06.824239872Z,70
2017-01-04T10:28:09.239991808Z,74
2017-01-04T10:38:11.470658048Z,72
2017-01-04T10:48:14.496851968Z,72
2017-01-04T10:58:16.691000064Z,74
2017-01-04T11:08:19.114601984Z,74
2017-01-04T11:18:21.398377984Z,74
2017-01-04T11:28:23.878146816Z,74
2017-01-04T11:38:26.11449088Z,74
2017-01-04T11:48:28.495161088Z,74
2017-01-04T11:58:31.238797824Z,74
2017-01-04T12:08:34.015859968Z,73
2017-01-04T12:18:36.570576896Z,73
2017-01-04T12:28:39.071203072Z,74
2017-01-04T12:38:41.6356672Z,78
2017-01-04T12:48:44.459044864Z,78
2017-01-04T12:58:46.712363008Z,77
2017-01-04T13:08:48.706541056Z,80
2017-01-04T13:18:50.632348928Z,80
2017-01-04T13:28:52.656935936Z,80
2017-01-04T13:38:54.851874048Z,81
2017-01-04T13:48:56.82025088Z,81
2017-01-04T13:58:58.62852096Z,78
2017-01-04T14:09:00.929827072Z,82
2017-01-04T14:19:02.729035008Z,82
2017-01-04T14:29:05.232992Z,86
2017-01-04T14:39:07.159430144Z,87
2017-01-04T14:49:09.431133952Z,87
2017-01-04T14:59:11.39952896Z,96
2017-01-04T15:09:13.5415808Z,101
2017-01-04T15:19:15.501011968Z,101
2017-01-04T15:29:17.80568192Z,93
2017-01-04T15:39:19.71984Z,86
2017-01-04T15:49:22.052086016Z,87
2017-01-04T15:59:23.979165184Z,82
2017-01-04T16:09:26.791282944Z,81
2017-01-04T16:19:28.903847936Z,78
2017-01-04T16:29:31.878007808Z,78
2017-01-04T16:39:33.673174016Z,79
2017-01-04T16:49:36.209340928Z,79
2017-01-04T16:59:38.718194944Z,81
2017-01-04T17:09:40.946543104Z,78
2017-01-04T17:19:43.184879104Z,78
2017-01-04T17:29:45.875649024Z,79
2017-01-04T17:39:47.964706816Z,80
2017-01-04T17:49:50.64820096Z,80
2017-01-04T17:59:53.094497024Z,82
2017-01-04T18:09:55.339275008Z,76
2017-01-04T18:19:57.376894976Z,76
2017-01-04T18:29:59.643362048Z,74
2017-01-04T18:40:02.187407104Z,72
2017-01-04T18:50:04.699507968Z,73
2017-01-04T19:00:06.753952Z,76
2017-01-04T19:10:09.215645952Z,79
2017-01-04T19:20:11.135467008Z,85
2017-01-04T19:30:14.293659904Z,76
2017-01-04T19:40:16.244948992Z,74
2017-01-04T19:50:18.974194176Z,74
2017-01-04T20:00:21.170914048Z,73
2017-01-04T20:10:24.237526016Z,74
2017-01-04T20:20:26.339014144Z,76
2017-01-04T20:30:28.421572096Z,79
2017-01-04T20:40:30.769692928Z,79
2017-01-04T20:50:33.220665856Z,79
2017-01-04T21:00:35.300646144Z,80
2017-01-04T21:10:37.38353408Z,79
2017-01-04T21:20:39.198443776Z,80
2017-01-04T21:30:41.536678144Z,80
2017-01-04T21:40:43.684314112Z,79
2017-01-04T21:50:45.939270144Z,80
2017-01-04T22:00:48.641580032Z,76
2017-01-04T22:10:51.39558784Z,74
2017-01-04T22:20:53.367361024Z,74
2017-01-04T22:30:55.383358976Z,72
2017-01-04T22:40:57.59527808Z,71
2017-01-04T22:51:00.096962048Z,72
2017-01-04T23:01:02.092481024Z,72
2017-01-04T23:11:04.170433024Z,74
2017-01-04T23:21:06.435472896Z,74
2017-01-04T23:31:08.604664064Z,76
2017-01-04T23:41:10.575340032Z,75
2017-01-04T23:51:12.991537152Z,75
2017-01-05T00:01:14.964171776Z,74
2017-01-05T00:11:16.910119168Z,75
2017-01-05T00:21:18.841836032Z,75
2017-01-05T00:31:21.530774016Z,73
2017-01-05T00:41:23.456224Z,78
2017-01-05T00:51:25.771580928Z,80
2017-01-05T01:01:27.612221952Z,79
2017-01-05T01:11:30.398863104Z,78
2017-01-05T01:34:51.08349696Z,82
2017-01-05T01:44:52.858948096Z,84
2017-01-05T01:54:54.961700864Z,82
2017-01-05T02:04:57.036114944Z,82
2017-01-05T02:14:59.46798208Z,84
2017-01-05T02:25:01.530955008Z,83
2017-01-05T02:35:03.138125056Z,84
2017-01-05T02:45:05.077227008Z,78
2017-01-05T02:55:07.070835968Z,78
2017-01-05T03:05:08.913182976Z,78
2017-01-05T03:15:10.94331904Z,77
2017-01-05T03:25:12.850462976Z,75
2017-01-05T03:35:14.797519872Z,74
2017-01-05T03:45:16.515952128Z,73
2017-01-05T03:55:18.631279872Z,77
2017-01-05T04:05:20.62714112Z,75
2017-01-05T04:15:22.682946048Z,74
2017-01-05T04:25:25.352536832Z,74
2017-01-05T04:35:27.317676032Z,73
2017-01-05T04:45:29.15104896Z,73
2017-01-05T04:55:31.058533888Z,70
2017-01-05T05:05:33.146401792Z,69
2017-01-05T05:15:35.577223168Z,70
2017-01-05T05:25:37.554550016Z,72
2017-01-05T05:35:39.6488768Z,72
2017-01-05T05:45:41.66941696Z,73
2017-01-05T05:55:43.881912064Z,78
2017-01-05T06:05:45.800740864Z,78
2017-01-05T06:15:47.788496896Z,76
2017-01-05T06:25:49.622374912Z,76
2017-01-05T06:35:51.570429952Z,76
2017-01-05T06:45:53.277904128Z,76
2017-01-05T06:55:55.292721152Z,80
2017-01-05T07:05:57.744678144Z,80
2017-01-05T07:15:59.695472128Z,79
2017-01-05T07:26:02.957995008Z,79
2017-01-05T07:36:05.059019008Z,79
2017-01-05T07:46:06.840108032Z,85
2017-01-05T07:56:08.784272896Z,78
2017-01-05T08:06:10.75636096Z,78
2017-01-05T08:16:12.830369024Z,76
2017-01-05T08:26:14.639920896Z,78
2017-01-05T08:36:16.720078848Z,78
2017-01-05T08:46:18.513569024Z,75
2017-01-05T08:56:20.940002816Z,78
2017-01-05T09:06:22.978025984Z,78
2017-01-05T09:16:25.104145152Z,79
2017-01-05T09:26:27.054358016Z,83
2017-01-05T09:36:28.953808128Z,84
2017-01-05T09:46:31.072824832Z,76
2017-01-05T09:56:33.508352Z,71
2017-01-05T10:06:35.39867008Z,71
2017-01-05T10:16:38.357327872Z,71
2017-01-05T10:26:40.208001024Z,72
2017-01-05T10:36:42.102601984Z,72
2017-01-05T10:46:44.148201984Z,76
2017-01-05T10:56:46.00471808Z,77
2017-01-05T11:06:48.130918144Z,77
2017-01-05T11:16:50.257698048Z,74
2017-01-05T11:26:52.195971072Z,74
2017-01-05T11:36:54.200655872Z,74
2017-01-05T11:46:56.162396928Z,74
2017-01-05T11:56:58.085874944Z,75
2017-01-05T12:06:59.713012992Z,75
2017-01-05T12:17:01.365540864Z,74
2017-01-05T12:27:03.005861888Z,74
2017-01-05T12:37:04.604804096Z,72
2017-01-05T12:47:06.038620928Z,72
2017-01-05T12:57:07.660624128Z,70
2017-01-05T13:07:09.639472896Z,75
2017-01-05T13:17:11.7675072Z,78
2017-01-05T13:27:13.463737088Z,80
2017-01-05T13:37:15.079010048Z,83
2017-01-05T13:47:16.788832Z,83
2017-01-05T13:57:18.406785024Z,81
2017-01-05T14:07:19.939064064Z,89
2017-01-05T14:17:21.856684032Z,92
2017-01-05T14:27:23.311794944Z,96
2017-01-05T14:37:25.117187072Z,97
2017-01-05T14:47:26.731211776Z,97
2017-01-05T14:57:28.354471936Z,93
2017-01-05T15:07:29.927347968Z,94
2017-01-05T15:17:31.590274048Z,94
2017-01-05T15:27:33.079351808Z,88
2017-01-05T15:37:35.115426048Z,85
2017-01-05T15:47:36.765042176Z,85
2017-01-05T15:57:38.742023936Z,84
2017-01-05T16:07:40.278861056Z,84
2017-01-05T16:17:42.218086912Z,84
2017-01-05T16:27:43.88392704Z,81
2017-01-05T16:37:45.573497088Z,80
2017-01-05T16:47:47.078803968Z,80
2017-01-05T16:57:48.770567936Z,81
2017-01-05T17:07:50.550801152Z,85
2017-01-05T17:17:52.285842944Z,85
2017-01-05T17:27:53.991437824Z,84
2017-01-05T17:37:56.041814016Z,84
2017-01-05T17:47:57.986479104Z,84
2017-01-05T17:57:59.84229504Z,85
2017-01-05T18:08:01.580955904Z,85
2017-01-05T18:18:03.929645056Z,78
2017-01-05T18:28:06.030096128Z,76
2017-01-05T18:38:07.776939008Z,77
2017-01-05T18:48:09.706083072Z,77
2017-01-05T18:58:11.602465024Z,79
2017-01-05T19:08:13.4613632Z,78
2017-01-05T19:18:15.362242048Z,76
2017-01-05T19:28:17.278980864Z,77
2017-01-05T19:38:19.094153984Z,77
2017-01-05T19:48:20.996732928Z,78
2017-01-05T19:58:22.93275008Z,76
2017-01-05T20:08:24.715593216Z,74
2017-01-05T20:18:26.695013888Z,72
2017-01-05T20:28:28.579700992Z,75
2017-01-05T20:38:30.94388608Z,73
2017-01-05T20:48:32.925853952Z,75
2017-01-05T20:58:34.615084032Z,73
2017-01-05T21:08:36.211222016Z,75
2017-01-05T21:18:38.284879872Z,75
2017-01-05T21:28:40.15294592Z,76
2017-01-05T21:38:42.525182976Z,79
2017-01-05T21:48:44.18995584Z,79
2017-01-05T21:58:46.005830912Z,80
2017-01-05T22:08:48.198512128Z,78
2017-01-05T22:18:50.927670016Z,78
2017-01-05T22:28:52.669734912Z,76
2017-01-05T22:38:55.508080896Z,74
2017-01-05T22:48:57.485133824Z,74
2017-01-05T22:58:59.46327808Z,76
2017-01-05T23:09:01.153212928Z,76
2017-01-05T23:19:03.560502016Z,75
2017-01-05T23:29:05.036246016Z,78
2017-01-05T23:39:06.6569792Z,76
2017-01-05T23:49:08.630861056Z,77
2017-01-05T23:59:10.36940288Z,75
2017-01-06T00:09:12.950726912Z,75
2017-01-06T00:19:15.172826112Z,73
2017-01-06T00:29:16.706751232Z,74
2017-01-06T00:39:19.016740096Z,75
2017-01-06T00:49:20.822164992Z,74
2017-01-06T00:59:22.760171008Z,77
2017-01-06T01:09:24.383570944Z,78
2017-01-06T01:19:26.31085696Z,79
2017-01-06T01:29:27.895927808Z,77
2017-01-06T01:39:29.85755392Z,78
2017-01-06T01:49:31.43312Z,78
2017-01-06T01:59:33.329915904Z,76
2017-01-06T02:09:35.062505984Z,77
2017-01-06T02:19:37.222848Z,77
2017-01-06T02:29:38.885394176Z,77
2017-01-06T02:39:40.501522176Z,79
2017-01-06T02:49:42.383622912Z,78
2017-01-06T02:59:43.932491008Z,83
2017-01-06T03:09:45.461420032Z,82
2017-01-06T03:19:47.609625088Z,91
2017-01-06T03:29:49.137597184Z,87
2017-01-06T03:39:50.69761792Z,85
2017-01-06T03:49:52.66622592Z,82
2017-01-06T03:59:54.317193984Z,82
2017-01-06T04:09:56.240955136Z,77
2017-01-06T04:19:58.510905088Z,77
2017-01-06T04:30:00.130619904Z,76
2017-01-06T04:40:01.794797824Z,73
2017-01-06T04:50:03.469257216Z,73
2017-01-06T05:00:05.206721024Z,72
2017-01-06T05:10:07.123588096Z,73
2017-01-06T05:20:09.007894016Z,73
2017-01-06T05:30:10.531596032Z,74
2017-01-06T05:40:12.208525824Z,74
2017-01-06T05:50:13.865821952Z,75
2017-01-06T06:00:15.559848192Z,75
2017-01-06T06:10:17.168422912Z,82
2017-01-06T06:20:18.94919296Z,82
2017-01-06T06:30:20.594980864Z,81
2017-01-06T06:40:22.331921152Z,82
2017-01-06T06:50:24.490732032Z,82
2017-01-06T07:00:26.062982912Z,80
2017-01-06T07:10:27.752398848Z,76
2017-01-06T07:20:29.515110912Z,76
2017-01-06T07:30:31.26580096Z,75
2017-01-06T07:40:33.122388992Z,76
2017-01-06T07:50:34.64886912Z,76
2017-01-06T08:00:36.360038144Z,74
2017-01-06T08:10:38.076438016Z,73
2017-01-06T08:20:39.912720896Z,73
2017-01-06T08:30:41.692364032Z,73
2017-01-06T08:40:43.637329152Z,76
2017-01-06T08:50:45.724684032Z,76
2017-01-06T09:00:47.423521024Z,72
2017-01-06T09:10:48.995115008Z,69
2017-01-06T09:20:50.636148992Z,69
2017-01-06T09:30:52.36301312Z,71
2017-01-06T09:40:53.934337024Z,71
2017-01-06T09:50:55.66229888Z,71
2017-01-06T10:00:57.374705152Z,73
2017-01-06T10:10:59.00016896Z,70
2017-01-06T10:21:00.96767104Z,70
2017-01-06T10:31:02.498168064Z,74
2017-01-06T10:41:04.12536192Z,74
2017-01-06T10:51:06.03342592Z,74
2017-01-06T11:01:07.600058112Z,74
2017-01-06T11:11:09.692734976Z,74
2017-01-06T11:21:11.30178304Z,74
2017-01-06T11:31:12.834130176Z,74
2017-01-06T11:41:14.47000192Z,74
2017-01-06T11:51:16.156587008Z,74
2017-01-06T12:01:17.986232064Z,74
2017-01-06T12:11:19.566109952Z,74
2017-01-06T12:21:21.265187072Z,74
2017-01-06T12:31:22.826503936Z,74
2017-01-06T12:41:24.518260992Z,79
2017-01-06T12:51:26.229420032Z,79
2017-01-06T13:01:27.94882304Z,72
2017-01-06T13:11:29.596205824Z,69
2017-01-06T13:21:31.604985088Z,69
2017-01-06T13:31:33.211065088Z,72
2017-01-06T13:41:34.793625088Z,70
2017-01-06T13:51:36.92941696Z,74
2017-01-06T14:01:38.545972992Z,95
2017-01-06T14:11:40.16012416Z,89
2017-01-06T14:21:41.901103872Z,92
2017-01-06T14:31:43.476061184Z,86
2017-01-06T14:41:45.80695296Z,91
2017-01-06T14:51:47.436472064Z,91
2017-01-06T15:01:49.163460096Z,102
2017-01-06T15:11:50.875205888Z,88
2017-01-06T15:21:52.556363008Z,90
2017-01-06T15:31:54.254756096Z,91
2017-01-06T15:41:55.902065152Z,91
2017-01-06T15:51:57.546395136Z,89
2017-01-06T16:01:59.511064064Z,90
2017-01-06T16:12:01.26299008Z,91
2017-01-06T16:22:03.370057216Z,89
2017-01-06T16:32:05.194842112Z,90
2017-01-06T16:42:07.255364864Z,87
2017-01-06T16:52:09.329986048Z,86
2017-01-06T17:02:11.317547008Z,81
2017-01-06T17:12:12.972763904Z,77
2017-01-06T17:22:14.853319936Z,79
2017-01-06T17:32:16.547393024Z,80
2017-01-06T17:42:19.246118912Z,79
2017-01-06T17:52:21.794845184Z,81
2017-01-06T18:02:23.716808192Z,81
2017-01-06T18:12:25.91271808Z,80
2017-01-06T18:22:28.028729856Z,78
2017-01-06T18:32:29.625515008Z,78
2017-01-06T18:42:31.706648064Z,85
2017-01-06T18:52:33.907538944Z,78
2017-01-06T19:02:35.910865152Z,77
2017-01-06T19:12:37.745274112Z,77
2017-01-06T19:22:40.26234112Z,76
2017-01-06T19:32:42.404006912Z,76
2017-01-06T19:42:44.262200064Z,77
2017-01-06T19:52:46.328989952Z,77
2017-01-06T20:02:48.895149824Z,79
2017-01-06T20:12:50.818368Z,80
2017-01-06T20:22:53.109863168Z,77
2017-01-06T20:32:54.641539072Z,79
2017-01-06T20:42:56.48772608Z,79
2017-01-06T20:52:58.31982592Z,76
2017-01-06T21:03:00.216268032Z,76
2017-01-06T21:13:02.534960896Z,78
2017-01-06T21:23:04.719304192Z,77
2017-01-06T21:33:06.955329024Z,77
2017-01-06T21:43:09.124630016Z,78
2017-01-06T21:53:10.827420928Z,77
2017-01-06T22:03:12.77488896Z,76
2017-01-06T22:13:14.984016896Z,74
2017-01-06T22:23:16.80744192Z,73
2017-01-06T22:33:18.454461952Z,74
2017-01-06T22:43:20.632397824Z,75
2017-01-06T22:53:22.320745984Z,79
2017-01-06T23:03:24.62705792Z,80
2017-01-06T23:13:26.683917056Z,78
2017-01-06T23:23:28.569946112Z,78
2017-01-06T23:33:30.16057216Z,77
2017-01-06T23:43:32.120559872Z,78
2017-01-06T23:53:33.820342016Z,75
2017-01-07T00:03:36.244739072Z,76
2017-01-07T00:13:38.03789312Z,77
2017-01-07T00:23:39.737965056Z,76
2017-01-07T00:33:41.517059072Z,78
2017-01-07T00:43:43.890425856Z,77
2017-01-07T00:53:45.404077056Z,76
2017-01-07T01:03:47.780397824Z,76
2017-01-07T01:13:49.758238976Z,78
2017-01-07T01:23:51.543087872Z,78
2017-01-07T01:33:53.122394112Z,77
2017-01-08T01:10:15.955593984Z,80
2017-01-08T01:20:18.008802816Z,74
2017-01-08T01:30:20.026746112Z,74
2017-01-08T01:40:21.659805184Z,76
2017-01-08T01:50:23.822755072Z,75
2017-01-08T02:00:25.68429696Z,75
2017-01-08T02:10:27.708966144Z,79
2017-01-08T02:20:29.940108032Z,78
2017-01-08T02:30:31.60639488Z,72
2017-01-08T02:40:33.185227008Z,68
2017-01-08T02:50:35.275297024Z,69
2017-01-08T03:03:07.612335872Z,67
2017-01-08T03:13:09.443795968Z,69
2017-01-08T03:23:10.912226048Z,79
2017-01-08T03:33:12.782089984Z,78
2017-01-08T03:43:14.374603008Z,77
2017-01-08T03:53:15.903158016Z,70
2017-01-08T04:03:17.471460096Z,70
2017-01-08T04:13:19.504271872Z,69
2017-01-08T04:23:21.98125184Z,70
2017-01-08T04:33:23.777656064Z,69
2017-01-08T04:43:25.258605056Z,70
2017-01-08T04:53:27.193097216Z,71
2017-01-08T05:03:28.887286016Z,72
2017-01-08T05:13:30.634566144Z,74
2017-01-08T05:23:32.212995072Z,76
2017-01-08T05:33:33.822454016Z,76
2017-01-08T05:43:35.359163904Z,75
2017-01-08T05:53:37.010440192Z,75
2017-01-08T06:03:38.529956096Z,72
2017-01-08T06:13:40.453085952Z,74
2017-01-08T06:23:41.923981824Z,72
2017-01-08T06:33:44.313744128Z,73
2017-01-08T06:43:45.95631104Z,74
2017-01-08T06:53:47.694298112Z,73
2017-01-08T07:03:49.303652096Z,75
2017-01-08T07:13:51.06706304Z,76
2017-01-08T07:23:52.57306496Z,73
2017-01-08T07:33:54.17657216Z,73
2017-01-08T07:43:56.357505024Z,70
2017-01-08T07:53:58.156105984Z,68
2017-01-08T08:03:59.75639808Z,68
2017-01-08T08:14:01.700634112Z,69
2017-01-08T08:24:03.406878976Z,70
2017-01-08T08:34:05.050625024Z,70
2017-01-08T08:44:06.699825152Z,70
2017-01-08T08:54:08.275038976Z,71
2017-01-08T09:04:10.011055872Z,71
2017-01-08T09:14:11.735418112Z,68
2017-01-08T09:24:13.6890048Z,68
2017-01-08T09:34:15.271836928Z,69
2017-01-08T09:44:17.758969088Z,70
2017-01-08T09:54:19.336564992Z,70
2017-01-08T10:04:20.810176Z,71
2017-01-08T10:14:22.367595008Z,67
2017-01-08T10:24:24.105145856Z,68
2017-01-08T10:34:26.142680832Z,68
2017-01-08T10:44:27.814828032Z,69
2017-01-08T10:54:29.437858048Z,69
2017-01-08T11:04:30.94386304Z,69
2017-01-08T11:14:32.965206016Z,69
2017-01-08T11:24:34.512429056Z,75
2017-01-08T11:34:36.033731072Z,75
2017-01-08T11:44:37.458113024Z,76
2017-01-08T11:54:39.116347904Z,75
2017-01-08T12:04:40.53621504Z,75
2017-01-08T12:14:42.156517888Z,76
2017-01-08T12:24:44.146380032Z,74
2017-01-08T12:34:45.923994112Z,74
2017-01-08T12:44:48.01803392Z,74
2017-01-08T12:54:49.643894016Z,74
2017-01-08T13:04:51.194106112Z,74
2017-01-08T13:14:52.852227072Z,74
2017-01-08T13:24:54.580210944Z,74
2017-01-08T13:34:56.533464832Z,74
2017-01-08T13:44:58.482633984Z,74
2017-01-08T13:55:00.196822016Z,74
2017-01-08T14:05:02.540468992Z,74
2017-01-08T14:15:04.4885248Z,74
2017-01-08T14:25:06.362366976Z,74
2017-01-08T14:35:07.972765952Z,74
2017-01-08T14:45:09.706758912Z,74
2017-01-08T14:55:11.250579968Z,75
2017-01-08T15:05:12.769326848Z,75
2017-01-08T15:15:14.519788032Z,109
2017-01-08T15:25:16.330614016Z,105
2017-01-08T15:35:18.342948864Z,105
2017-01-08T15:45:19.79422592Z,107
2017-01-08T15:55:21.568372992Z,111
2017-01-08T16:05:23.1552192Z,111
2017-01-08T16:15:24.946511872Z,100
2017-01-08T16:25:26.372139008Z,88
2017-01-08T16:35:28.260795136Z,88
2017-01-08T16:45:30.043003136Z,83
2017-01-08T16:55:31.65673216Z,105
2017-01-08T17:05:33.46671104Z,100
2017-01-08T17:15:36.143430912Z,97
2017-01-08T17:25:37.729891072Z,92
2017-01-08T17:35:40.141103104Z,92
2017-01-08T17:45:41.691943936Z,84
2017-01-08T17:55:43.49035904Z,80
2017-01-08T18:05:45.136125184Z,77
2017-01-08T18:15:47.078259968Z,77
2017-01-08T18:25:48.729967104Z,75
2017-01-08T18:35:50.806803968Z,76
2017-01-08T18:45:52.487421952Z,79
2017-01-08T18:55:54.395026944Z,79
2017-01-08T19:05:56.02192Z,79
2017-01-08T19:15:58.033330944Z,79
2017-01-08T19:25:59.680743936Z,77
2017-01-08T19:36:01.907421184Z,77
2017-01-08T19:46:03.403943168Z,74
2017-01-08T19:56:05.61423488Z,73
2017-01-08T20:06:07.637875968Z,75
2017-01-08T20:16:09.440620032Z,75
2017-01-08T20:26:11.445758208Z,74
2017-01-08T20:36:13.304389888Z,72
2017-01-08T20:46:15.229649152Z,73
2017-01-08T20:56:17.663363072Z,73
2017-01-08T21:06:19.293837056Z,74
2017-01-08T21:16:21.844829952Z,73
2017-01-08T21:26:23.436163072Z,73
2017-01-08T21:36:26.569067008Z,71
2017-01-08T21:46:28.01908992Z,73
2017-01-08T21:56:29.947962112Z,75
2017-01-08T22:06:31.758836992Z,79
2017-01-08T22:16:33.817598208Z,77
2017-01-08T22:26:35.298913024Z,75
2017-01-08T22:36:37.801037056Z,75
2017-01-08T22:46:39.411725056Z,73
2017-01-08T22:56:41.109888Z,74
2017-01-08T23:06:42.63030016Z,76
2017-01-08T23:16:44.490347008Z,76
2017-01-08T23:26:46.631021056Z,75
2017-01-08T23:36:48.72618496Z,73
2017-01-08T23:46:50.228379136Z,73
2017-01-08T23:56:52.313747968Z,73
2017-01-09T00:06:54.040271104Z,73
2017-01-09T00:16:56.150216192Z,77
2017-01-09T00:26:58.048908032Z,79
2017-01-09T00:36:59.948057856Z,79
2017-01-09T00:47:01.532134912Z,75
2017-01-09T00:57:03.305496064Z,74
2017-01-09T01:07:05.109692928Z,77
2017-01-09T01:17:06.724080128Z,78
2017-01-09T01:27:10.319705088Z,78
2017-01-09T01:37:13.625099008Z,79
2017-01-09T01:47:15.180849152Z,78
2017-01-09T01:57:17.026678016Z,79
2017-01-09T02:07:18.767081984Z,74
2017-01-09T02:17:20.304573184Z,73
2017-01-09T02:27:21.858104832Z,71
2017-01-09T02:37:23.610626816Z,73
2017-01-09T02:47:25.156984064Z,76
2017-01-09T02:57:27.01047808Z,76
2017-01-09T03:07:28.823183104Z,75
2017-01-09T03:17:30.564161024Z,74
2017-01-09T03:27:32.174509056Z,75
2017-01-09T03:37:34.031941888Z,74
2017-01-09T03:47:35.650502912Z,74
2017-01-09T03:57:38.348269824Z,72
2017-01-09T04:07:39.924715008Z,76
2017-01-09T04:17:41.500897792Z,72
2017-01-09T04:27:43.198603008Z,70
2017-01-09T04:37:45.01945088Z,72
2017-01-09T04:47:46.91355904Z,74
2017-01-09T04:57:48.903260928Z,74
2017-01-09T05:07:50.336873984Z,77
2017-01-09T05:17:52.041035776Z,77
2017-01-09T05:27:53.949948928Z,77
2017-01-09T05:37:56.14654208Z,72
2017-01-09T05:47:57.705881088Z,73
2017-01-09T05:57:59.33971584Z,74
2017-01-09T06:08:00.970658048Z,75
2017-01-09T06:18:02.682137088Z,76
2017-01-09T06:28:04.161883136Z,76
2017-01-09T06:38:05.795859968Z,73
2017-01-09T06:48:07.32653696Z,74
2017-01-09T06:58:09.262959104Z,74
2017-01-09T07:08:10.825344Z,75
2017-01-09T07:18:12.487826176Z,75
2017-01-09T07:28:14.57205888Z,73
2017-01-09T07:38:16.462937088Z,74
2017-01-09T07:48:18.042758912Z,72
2017-01-09T07:58:19.79851008Z,72
2017-01-09T08:08:21.38032512Z,71
2017-01-09T08:18:23.192131072Z,70
2017-01-09T08:28:25.131001088Z,76
2017-01-09T08:38:26.65515392Z,74
2017-01-09T08:48:28.564150016Z,73
2017-01-09T08:58:30.441001984Z,76
2017-01-09T09:08:32.639305984Z,75
2017-01-09T09:18:34.977652992Z,75
2017-01-09T09:28:36.635787008Z,76
2017-01-09T09:38:38.771748096Z,77
2017-01-09T09:48:40.537977856Z,76
2017-01-09T09:58:42.4910208Z,78
2017-01-09T10:08:44.055380992Z,73
2017-01-09T10:18:45.796255232Z,73
2017-01-09T10:28:47.72616704Z,74
2017-01-09T10:38:49.893570048Z,74
2017-01-09T10:48:51.510334976Z,74
2017-01-09T10:58:53.261063168Z,74
2017-01-09T11:08:54.759138048Z,74
2017-01-09T11:18:56.385252096Z,74
2017-01-09T11:28:57.936307968Z,74
2017-01-09T11:38:59.62375808Z,74
2017-01-09T11:49:01.397368064Z,74
2017-01-09T11:59:03.086593024Z,74
2017-01-09T12:09:04.63877504Z,74
2017-01-09T12:19:06.526925056Z,74
2017-01-09T12:29:08.181700096Z,74
2017-01-09T12:39:09.972934912Z,71
2017-01-09T12:49:11.50920192Z,71
2017-01-09T12:59:13.3355328Z,74
2017-01-09T13:09:14.901565184Z,74
2017-01-09T13:19:16.514161152Z,74
2017-01-09T13:29:18.190171904Z,74
2017-01-09T13:39:19.735763968Z,74
2017-01-09T13:49:21.248563968Z,74
2017-01-09T13:59:23.03575296Z,74
2017-01-09T14:09:24.675403008Z,74
2017-01-09T14:19:26.97392512Z,74
2017-01-09T14:29:28.5589312Z,90
2017-01-09T14:39:30.715531008Z,100
2017-01-09T14:49:32.20405504Z,101
2017-01-09T14:59:34.174243072Z,105
2017-01-09T15:09:35.730448896Z,100
2017-01-09T15:19:37.476068864Z,92
2017-01-09T15:29:39.006834944Z,83
2017-01-09T15:39:40.956225024Z,85
2017-01-09T15:49:42.679860224Z,85
2017-01-09T15:59:44.881630976Z,80
2017-01-09T16:09:46.416028928Z,79
2017-01-09T16:19:48.295341056Z,79
2017-01-09T16:29:49.983302144Z,82
2017-01-09T16:39:51.913388032Z,81
2017-01-09T16:49:53.922215936Z,75
2017-01-09T16:59:56.426076928Z,77
2017-01-09T17:09:58.3333248Z,75
2017-01-09T17:20:00.887373824Z,75
2017-01-09T17:30:02.50514688Z,81
2017-01-09T17:40:05.354160128Z,78
2017-01-09T17:50:07.005001984Z,76
2017-01-09T18:00:11.778747136Z,77
2017-01-09T18:10:13.605423872Z,74
2017-01-09T18:20:15.879236096Z,72
2017-01-09T18:30:18.15012096Z,74
2017-01-09T18:40:20.782501888Z,74
2017-01-09T18:50:22.798051072Z,75
2017-01-09T19:00:25.223644928Z,78
2017-01-09T19:10:27.044022016Z,76
2017-01-09T19:20:29.456830976Z,75
2017-01-09T19:30:31.086774016Z,73
2017-01-09T19:40:33.265861888Z,78
2017-01-09T19:50:35.094923008Z,77
2017-01-09T20:00:37.155922944Z,78
2017-01-09T20:10:38.956105984Z,78
2017-01-09T20:20:41.320600064Z,78
2017-01-09T20:30:43.717659904Z,79
2017-01-09T20:40:46.1472832Z,78
2017-01-09T20:50:48.118413056Z,81
2017-01-09T21:00:50.508162048Z,78
2017-01-09T21:10:52.48238208Z,75
2017-01-09T21:20:54.753449984Z,77
2017-01-09T21:30:57.019431168Z,79
2017-01-09T21:40:59.618949888Z,79
2017-01-09T21:51:01.635930112Z,79
2017-01-09T22:01:04.307328Z,74
2017-01-09T22:11:06.63279616Z,76
2017-01-09T22:21:09.28629504Z,78
2017-01-09T22:31:11.539706112Z,73
2017-01-09T22:41:14.070724096Z,74
2017-01-09T22:51:16.062592Z,74
2017-01-09T23:01:18.66876288Z,74
2017-01-09T23:11:20.701028096Z,82
2017-01-09T23:21:22.945316096Z,79
2017-01-09T23:31:24.866665984Z,79
2017-01-09T23:41:27.22560512Z,77
2017-01-09T23:51:39.236875008Z,74
2017-01-10T00:01:41.384221184Z,73
2017-01-10T00:11:43.38180096Z,70
2017-01-10T00:21:46.087536128Z,75
2017-01-10T00:31:48.175988992Z,78
2017-01-10T00:41:50.670156032Z,79
2017-01-10T00:51:52.678680064Z,74
2017-01-10T01:01:55.153688832Z,72
2017-01-10T01:11:57.200057856Z,72
2017-01-10T01:21:59.473588992Z,76
2017-01-10T01:32:02.092065024Z,73
2017-01-10T01:42:05.042051072Z,76
2017-01-10T01:52:07.211898112Z,86
2017-01-10T02:02:09.365257984Z,80
2017-01-10T02:12:11.81443584Z,80
2017-01-10T02:22:14.427124992Z,77
2017-01-10T02:32:17.019227136Z,80
2017-01-10T02:42:20.151427072Z,77
2017-01-10T02:52:22.676894976Z,78
2017-01-10T03:02:24.953496064Z,76
2017-01-10T03:12:27.127581952Z,76
2017-01-10T03:22:29.80512Z,71
2017-01-10T03:32:32.50119296Z,72
2017-01-10T03:42:35.55687296Z,75
2017-01-10T03:52:37.879034112Z,77
2017-01-10T04:02:40.22523008Z,75
2017-01-10T04:12:43.03302912Z,76
2017-01-10T04:22:45.347017984Z,78
2017-01-10T04:32:47.713592064Z,78
2017-01-10T04:42:50.886564096Z,77
2017-01-10T04:52:53.056745984Z,75
2017-01-10T05:02:55.18687616Z,75
2017-01-10T05:12:57.358599936Z,75
2017-01-10T05:22:59.454972928Z,74
2017-01-10T05:33:01.489620992Z,75
2017-01-10T05:43:03.689634048Z,75
2017-01-10T05:53:05.695672064Z,74
2017-01-10T06:03:07.69289984Z,75
2017-01-10T06:13:09.835474944Z,73
2017-01-10T06:23:11.885129984Z,78
2017-01-10T06:33:14.013158144Z,77
2017-01-10T06:43:16.11793792Z,75
2017-01-10T06:53:18.294708992Z,75
2017-01-10T07:03:20.358354944Z,75
2017-01-10T07:13:22.415316224Z,80
2017-01-10T07:23:24.365908992Z,77
2017-01-10T07:33:26.34696704Z,78
2017-01-10T07:43:28.421703168Z,80
2017-01-10T07:53:30.531599104Z,80
2017-01-10T08:03:32.527801088Z,73
2017-01-10T08:13:34.535254016Z,75
2017-01-10T08:23:36.549504Z,76
2017-01-10T08:33:38.657551104Z,75
2017-01-10T08:43:40.790159872Z,78
2017-01-10T08:53:42.821209856Z,79
2017-01-10T09:03:44.749732864Z,79
2017-01-10T09:13:46.907993088Z,76
2017-01-10T09:23:49.09824896Z,72
2017-01-10T09:33:51.28101504Z,72
2017-01-10T09:43:53.879900928Z,71
2017-01-10T09:53:55.913261056Z,74
2017-01-10T10:03:58.007181056Z,74
2017-01-10T10:14:00.122728192Z,74
2017-01-10T10:24:02.238909952Z,74
2017-01-10T10:34:04.312858112Z,74
2017-01-10T10:44:06.495644928Z,74
2017-01-10T10:54:08.458369024Z,74
2017-01-10T11:04:10.54706816Z,74
2017-01-10T11:14:12.580352Z,74
2017-01-10T11:24:14.66215808Z,74
2017-01-10T11:34:16.835225088Z,74
2017-01-10T11:44:18.920382976Z,74
2017-01-10T11:54:21.528011008Z,74
2017-01-10T12:04:23.522341888Z,74
2017-01-10T12:14:25.56238208Z,74
2017-01-10T12:24:27.513412864Z,74
2017-01-10T12:34:29.536322048Z,74
2017-01-10T12:44:32.029405184Z,74
2017-01-10T12:54:34.276611072Z,74
2017-01-10T13:04:36.322348032Z,74
2017-01-10T13:14:38.244820992Z,74
2017-01-10T13:24:40.152473088Z,74
2017-01-10T13:34:42.31250816Z,74
2017-01-10T13:44:44.553381888Z,74
2017-01-10T13:54:46.565704192Z,71
2017-01-10T14:04:48.93825408Z,71
2017-01-10T14:14:51.204088064Z,73
2017-01-10T14:24:53.485369088Z,80
2017-01-10T14:34:55.679712Z,80
2017-01-10T14:44:57.994238976Z,89
2017-01-10T14:55:00.292182016Z,97
2017-01-10T15:05:02.475849984Z,97
2017-01-10T15:15:04.899110144Z,88
2017-01-10T15:25:07.010337024Z,86
2017-01-10T15:35:09.167980032Z,84
2017-01-10T15:45:11.364976896Z,83
2017-01-10T15:55:13.516068864Z,79
2017-01-10T16:05:15.877895168Z,78
2017-01-10T16:15:18.005403136Z,81
2017-01-10T16:25:20.190829056Z,81
2017-01-10T16:35:22.840348928Z,81
2017-01-10T16:45:24.888851968Z,82
2017-01-10T16:55:27.031020032Z,81
2017-01-10T17:05:29.623011072Z,81
2017-01-10T17:15:31.857816064Z,79
2017-01-10T17:25:34.128435968Z,80
2017-01-10T17:35:36.46464Z,75
2017-01-10T17:45:38.674763008Z,75
2017-01-10T17:55:40.839136Z,76
2017-01-10T18:05:43.468285184Z,77
2017-01-10T18:15:45.825476864Z,78
2017-01-10T18:25:48.080403968Z,79
2017-01-10T18:35:50.5896512Z,79
2017-01-10T18:45:53.073216Z,78
2017-01-10T18:55:55.523014144Z,75
2017-01-10T19:05:58.107239936Z,83
2017-01-10T19:16:00.408553984Z,77
2017-01-10T19:26:02.57399808Z,76
2017-01-10T19:36:04.994863104Z,73
2017-01-10T19:46:07.534585088Z,75
2017-01-10T19:56:09.805635072Z,82
2017-01-10T20:06:12.130934016Z,77
2017-01-10T20:16:14.145293824Z,81
2017-01-10T20:26:16.57979392Z,82
2017-01-10T20:36:18.831753984Z,88
2017-01-10T20:46:21.478526976Z,83
2017-01-10T20:56:23.729871872Z,81
2017-01-10T21:06:35.729250816Z,77
2017-01-10T21:16:46.014624Z,77
2017-01-10T21:26:58.146401024Z,75
2017-01-10T21:37:10.55414784Z,75
2017-01-10T21:47:13.199486976Z,78
2017-01-10T21:57:15.377517824Z,79
2017-01-10T22:07:17.7974912Z,77
2017-01-10T22:17:20.061881088Z,74
2017-01-10T22:27:22.511323904Z,73
2017-01-10T22:37:24.76996992Z,71
2017-01-10T22:47:27.112095232Z,70
2017-01-10T22:57:29.542627072Z,71
2017-01-10T23:07:31.9222592Z,72
2017-01-10T23:17:34.2566272Z,72
2017-01-10T23:27:36.34133504Z,77
2017-01-10T23:37:38.39536512Z,73
2017-01-10T23:47:40.46950016Z,71
2017-01-10T23:57:42.35563392Z,73
2017-01-11T00:07:44.709963008Z,73
2017-01-11T00:17:46.903011072Z,74
2017-01-11T00:27:49.20449408Z,83
2017-01-11T00:37:51.356870912Z,76
2017-01-11T00:47:53.700023808Z,86
2017-01-11T00:57:56.355971072Z,87
2017-01-11T01:07:58.528496128Z,80
2017-01-11T01:18:00.696708864Z,82
2017-01-11T01:28:04.540056832Z,84
2017-01-11T01:38:06.732688896Z,80
2017-01-11T01:48:08.95723008Z,84
2017-01-11T01:58:11.328532992Z,82
2017-01-11T02:08:13.381740032Z,80
2017-01-11T02:18:15.388550912Z,77
2017-01-11T02:28:17.604722944Z,76
2017-01-11T02:38:19.73494016Z,76
2017-01-11T02:48:21.850076928Z,77
2017-01-11T02:58:24.071196928Z,81
2017-01-11T03:08:26.019608064Z,80
2017-01-11T03:18:28.435847936Z,79
2017-01-11T03:28:30.635606016Z,76
2017-01-11T03:38:32.83936512Z,76
2017-01-11T03:48:35.282831872Z,76
2017-01-11T03:58:38.022091008Z,77
2017-01-11T04:08:40.152414976Z,79
2017-01-11T04:18:42.380115968Z,77
2017-01-11T04:28:44.436484096Z,77
2017-01-11T04:38:46.407346944Z,75
2017-01-11T04:48:47.968491008Z,74
2017-01-11T04:58:49.688322048Z,74
2017-01-11T05:08:53.44237312Z,71
2017-01-11T05:18:55.057913088Z,73
2017-01-11T05:28:56.82170112Z,73
2017-01-11T05:38:58.53346304Z,74
2017-01-11T05:49:00.280303104Z,75
2017-01-11T05:59:02.04747008Z,75
2017-01-11T06:09:03.854834944Z,75
2017-01-11T06:19:05.50106496Z,74
2017-01-11T06:29:07.042422016Z,75
2017-01-11T06:39:08.80632704Z,74
2017-01-11T06:49:10.383092992Z,73
2017-01-11T06:59:11.953634048Z,73
2017-01-11T07:09:13.547728128Z,73
2017-01-11T07:19:15.114799872Z,78
2017-01-11T07:29:16.775661824Z,76
2017-01-11T07:39:18.418672128Z,72
2017-01-11T07:49:20.0060288Z,73
2017-01-11T07:59:21.750055936Z,73
2017-01-11T08:09:23.710802176Z,73
2017-01-11T08:19:25.35321216Z,73
2017-01-11T08:29:26.962734848Z,72
2017-01-11T08:39:28.809990912Z,72
2017-01-11T08:49:30.460418048Z,72
2017-01-11T08:59:32.093615104Z,89
2017-01-11T09:09:33.838797056Z,71
2017-01-11T09:19:35.439552Z,71
2017-01-11T09:29:37.114994944Z,71
2017-01-11T09:39:38.67707392Z,76
2017-01-11T09:49:40.333929984Z,76
2017-01-11T09:59:41.880150016Z,73
2017-01-11T10:09:43.463908864Z,70
2017-01-11T10:19:45.471121152Z,70
2017-01-11T10:29:47.116259072Z,73
2017-01-11T10:39:48.767940096Z,71
2017-01-11T10:49:50.326842112Z,71
2017-01-11T10:59:52.105016832Z,74
2017-01-11T11:09:53.824038912Z,74
2017-01-11T11:19:55.323611904Z,74
2017-01-11T11:29:56.87794304Z,74
2017-01-11T11:39:58.870593024Z,74
2017-01-11T11:50:00.434996992Z,74
2017-01-11T12:00:02.000286976Z,74
2017-01-11T12:10:03.715472896Z,72
2017-01-11T12:20:05.464838144Z,72
2017-01-11T12:30:06.958781952Z,74
2017-01-11T12:40:08.618052096Z,78
2017-01-11T12:50:10.279952896Z,78
2017-01-11T13:00:11.814857984Z,77
2017-01-11T13:10:13.341103104Z,79
2017-01-11T13:20:14.907226112Z,79
2017-01-11T13:30:16.46267008Z,79
2017-01-11T13:40:18.09517696Z,80
2017-01-11T13:50:19.659930112Z,80
2017-01-11T14:00:21.531717888Z,78
2017-01-11T14:10:23.219270912Z,81
2017-01-11T14:20:25.024353024Z,81
2017-01-11T14:30:26.746320128Z,86
2017-01-11T14:40:28.46836096Z,87
2017-01-11T14:50:30.147300096Z,87
2017-01-11T15:00:31.811184896Z,95
2017-01-11T15:10:33.449148928Z,100
2017-01-11T15:20:35.085510912Z,100
2017-01-11T15:30:36.787631104Z,92
2017-01-11T15:40:38.749236992Z,86
2017-01-11T15:50:40.736830976Z,78
2017-01-11T16:00:42.44694912Z,76
2017-01-11T16:10:44.169543936Z,77
2017-01-11T16:20:46.269092096Z,78
2017-01-11T16:30:47.965476864Z,77
2017-01-11T16:40:49.992681984Z,76
2017-01-11T16:50:51.991277056Z,77
2017-01-11T17:00:53.757904896Z,78
2017-01-11T17:10:55.344825088Z,76
2017-01-11T17:20:57.366064128Z,75
2017-01-11T17:30:59.167359232Z,77
2017-01-11T17:41:01.038544896Z,79
2017-01-11T17:51:02.991124992Z,80
2017-01-11T18:01:04.848953856Z,82
2017-01-11T18:11:06.507101952Z,85
2017-01-11T18:21:09.094259968Z,74
2017-01-11T18:31:11.09550592Z,72
2017-01-11T18:41:12.870699008Z,71
2017-01-11T18:51:15.000897024Z,74
2017-01-11T19:01:17.539186944Z,75
2017-01-11T19:11:19.947105792Z,72
2017-01-11T19:21:22.001014016Z,74
2017-01-11T19:31:23.822052864Z,75
2017-01-11T19:41:25.794377216Z,78
2017-01-11T19:51:27.944678912Z,78
2017-01-11T20:01:30.879533056Z,74
2017-01-11T20:11:32.673413888Z,79
2017-01-11T20:21:35.05893504Z,87
2017-01-11T20:31:37.307266048Z,82
2017-01-11T20:41:39.917444096Z,79
2017-01-11T20:51:42.009494016Z,78
2017-01-11T21:01:44.391453952Z,87
2017-01-11T21:11:46.548265984Z,82
2017-01-11T21:21:48.752412928Z,81
2017-01-11T21:31:51.056833024Z,82
2017-01-11T21:41:53.386148864Z,80
2017-01-11T21:51:55.846166016Z,80
2017-01-11T22:01:57.893863936Z,78
2017-01-11T22:12:00.006546944Z,78
2017-01-11T22:22:02.09529216Z,80
2017-01-11T22:32:04.142726912Z,78
2017-01-11T22:42:06.458516992Z,74
2017-01-11T22:52:08.8083392Z,77
2017-01-11T23:02:11.017769984Z,74
2017-01-11T23:12:13.013261056Z,82
2017-01-11T23:22:15.095213056Z,79
2017-01-11T23:32:17.86898816Z,77
2017-01-11T23:42:19.909959168Z,75
2017-01-11T23:52:22.040594944Z,75
2017-01-12T00:02:24.055104Z,77
2017-01-12T00:12:26.425793792Z,79
2017-01-12T00:22:29.903183872Z,75
2017-01-12T00:32:32.009124096Z,75
2017-01-12T00:42:34.326266112Z,75
2017-01-12T00:52:36.648485888Z,78
2017-01-12T01:02:38.900466944Z,77
2017-01-12T01:12:41.024861952Z,80
2017-01-12T01:22:43.043884032Z,82
2017-01-12T01:32:45.554432Z,79
2017-01-12T01:42:47.923379968Z,83
2017-01-12T01:52:49.997234944Z,81
2017-01-12T02:02:52.219961856Z,81
2017-01-12T02:12:54.6728Z,81
2017-01-12T02:22:57.179074048Z,80
2017-01-12T02:32:59.333798912Z,80
2017-01-12T02:43:01.663415808Z,81
2017-01-12T02:53:03.883038976Z,79
2017-01-12T03:03:06.397097984Z,84
2017-01-12T03:13:08.577671936Z,86
2017-01-12T03:23:10.713488128Z,75
2017-01-12T03:33:12.847343872Z,73
2017-01-12T03:43:14.841777152Z,70
2017-01-12T03:53:17.001261056Z,71
2017-01-12T04:03:19.101593088Z,72
2017-01-12T04:13:21.31428608Z,71
2017-01-12T04:23:23.474543104Z,72
2017-01-12T04:33:25.481275136Z,72
2017-01-12T04:43:27.608769792Z,72
2017-01-12T04:53:29.682272Z,73
2017-01-12T05:03:31.626622976Z,73
2017-01-12T05:13:33.588498944Z,78
2017-01-12T05:23:35.789196032Z,80
2017-01-12T05:33:37.882155008Z,78
2017-01-12T05:43:40.1050688Z,75
2017-01-12T05:53:42.06648704Z,74
2017-01-12T06:03:44.082753024Z,72
2017-01-12T06:13:46.540313856Z,71
2017-01-12T06:23:48.631258112Z,70
2017-01-12T06:33:50.518978048Z,70
2017-01-12T06:43:52.512425984Z,70
2017-01-12T06:53:54.511860992Z,72
2017-01-12T07:03:56.465886976Z,72
2017-01-12T07:13:58.46413312Z,72
2017-01-12T07:24:00.391262976Z,73
2017-01-12T07:34:02.283015936Z,74
2017-01-12T07:44:04.33303808Z,75
2017-01-12T07:54:06.298561024Z,73
2017-01-12T08:04:08.470375936Z,73
2017-01-12T08:14:10.529860864Z,75
2017-01-12T08:24:12.627473152Z,77
2017-01-12T08:34:14.480509952Z,77
2017-01-12T08:44:16.553309952Z,76
2017-01-12T08:54:18.467351808Z,77
2017-01-12T09:04:20.502908928Z,77
2017-01-12T09:14:22.572342016Z,79
2017-01-12T09:24:24.475795968Z,72
2017-01-12T09:34:26.384592128Z,73
2017-01-12T09:44:28.357552128Z,71
2017-01-12T09:54:30.25300992Z,69
2017-01-12T10:04:32.229854976Z,69
2017-01-12T10:14:34.235481088Z,69
2017-01-12T10:24:36.273627904Z,69
2017-01-12T10:34:38.26747392Z,69
2017-01-12T10:44:40.2882048Z,73
2017-01-12T10:54:42.330759936Z,74
2017-01-12T11:04:44.525327872Z,74
2017-01-12T11:14:46.432915968Z,74
2017-01-12T11:24:48.366772992Z,73
2017-01-12T11:34:50.725121024Z,73
2017-01-12T11:44:52.838691072Z,74
2017-01-12T11:54:54.79520896Z,74
2017-01-12T12:04:56.782768896Z,74
2017-01-12T12:14:58.789444096Z,73
2017-01-12T12:25:00.903038976Z,73
2017-01-12T12:35:02.911717888Z,73
2017-01-12T12:45:04.942002176Z,71
2017-01-12T12:55:07.27423104Z,70
2017-01-12T13:05:09.379246848Z,70
2017-01-12T13:15:11.506192896Z,77
2017-01-12T13:25:13.890678016Z,80
2017-01-12T13:35:16.074852864Z,80
2017-01-12T13:45:18.433337856Z,83
2017-01-12T13:55:20.752312064Z,80
2017-01-12T14:05:22.874068992Z,80
2017-01-12T14:15:25.04733312Z,91
2017-01-12T14:25:27.27024384Z,95
2017-01-12T14:35:29.442217216Z,95
2017-01-12T14:45:31.919711232Z,97
2017-01-12T14:55:34.093293824Z,93
2017-01-12T15:05:36.562019072Z,93
2017-01-12T15:15:38.743635968Z,93
2017-01-12T15:25:41.312293888Z,88
2017-01-12T15:35:43.985317888Z,87
2017-01-12T15:45:46.357270016Z,77
2017-01-12T15:55:48.461293056Z,77
2017-01-12T16:05:50.893122816Z,74
2017-01-12T16:15:52.941019136Z,75
2017-01-12T16:25:55.151442944Z,77
2017-01-12T16:35:57.331309056Z,77
2017-01-12T16:45:59.775808Z,78
2017-01-12T16:56:02.295308032Z,83
2017-01-12T17:06:04.94880896Z,84
2017-01-12T17:16:07.147916032Z,86
2017-01-12T17:26:09.630820096Z,79
2017-01-12T17:36:11.796303872Z,78
2017-01-12T17:46:14.02504704Z,76
2017-01-12T17:56:16.164311808Z,78
2017-01-12T18:06:18.633507072Z,82
2017-01-12T18:16:20.973478912Z,80
2017-01-12T18:26:23.538674944Z,84
2017-01-12T18:36:25.624967168Z,79
2017-01-12T18:46:28.003188992Z,80
2017-01-12T18:56:30.463236096Z,76
2017-01-12T19:06:32.741792Z,79
2017-01-12T19:16:34.961014016Z,76
2017-01-12T19:26:37.625372928Z,76
2017-01-12T19:36:39.842493952Z,78
2017-01-12T19:46:42.48486912Z,84
2017-01-12T19:56:45.315185152Z,80
2017-01-12T20:06:47.870816Z,84
2017-01-12T20:16:50.07222016Z,78
2017-01-12T20:26:52.348329984Z,80
2017-01-12T20:36:54.682214912Z,79
2017-01-12T20:46:57.050704128Z,86
2017-01-12T20:56:59.708758016Z,80
2017-01-12T21:07:02.032304896Z,74
2017-01-12T21:17:04.260539136Z,75
2017-01-12T21:27:06.44125696Z,76
2017-01-12T21:37:08.847810048Z,79
2017-01-12T21:47:11.195010816Z,77
2017-01-12T21:57:13.342498048Z,78
2017-01-12T22:07:15.445427968Z,76
2017-01-12T22:17:17.408080128Z,87
2017-01-12T22:27:19.471492096Z,78
2017-01-12T22:37:21.54141696Z,71
2017-01-12T22:47:23.659166208Z,75
2017-01-12T22:57:25.73020288Z,76
2017-01-12T23:07:27.857702912Z,77
2017-01-12T23:17:29.993671936Z,74
2017-01-12T23:27:32.227816192Z,73
2017-01-12T23:37:34.455192064Z,73
2017-01-12T23:47:36.653390848Z,74
2017-01-12T23:57:38.61976704Z,76
2017-01-13T00:07:41.066155008Z,73
2017-01-13T00:17:43.566217984Z,72
2017-01-13T00:27:45.970628096Z,76
2017-01-13T00:37:47.94678912Z,82
2017-01-13T00:47:50.30235904Z,80
2017-01-13T00:57:52.33753216Z,81
2017-01-13T01:07:54.557897984Z,79
2017-01-13T01:17:56.70993408Z,84
2017-01-13T01:27:58.959667968Z,77
2017-01-13T01:38:01.055805952Z,77
2017-01-13T01:48:03.551977984Z,81
2017-01-13T01:58:05.644783872Z,78
2017-01-13T02:08:08.101488128Z,77
2017-01-13T02:18:10.248399104Z,77
2017-01-13T02:28:12.420171008Z,78
2017-01-13T02:38:14.582637056Z,91
2017-01-13T02:48:16.884474112Z,78
2017-01-13T02:58:19.19616512Z,82
2017-01-13T03:08:21.653792Z,82
2017-01-13T03:18:23.76219904Z,81
2017-01-13T03:28:26.063608832Z,81
2017-01-13T03:38:28.043936Z,78
2017-01-13T03:48:30.2901312Z,79
2017-01-13T03:58:32.521202176Z,76
2017-01-13T04:08:34.764916992Z,75
2017-01-13T04:18:37.441613824Z,73
2017-01-13T04:28:39.55590784Z,76
2017-01-13T04:38:41.746302976Z,75
2017-01-13T04:48:43.948750848Z,74
2017-01-13T04:58:46.10048Z,73
2017-01-13T05:08:48.223115008Z,73
2017-01-13T05:18:50.28925696Z,73
2017-01-13T05:28:52.39443712Z,75
2017-01-13T05:38:54.4894272Z,74
2017-01-13T05:48:56.478781952Z,77
2017-01-13T05:58:58.614300928Z,78
2017-01-13T06:09:00.62954496Z,80
2017-01-13T06:19:02.67142016Z,81
2017-01-13T06:29:04.685904896Z,80
2017-01-13T06:39:06.626301952Z,80
2017-01-13T06:49:08.559698176Z,80
2017-01-13T06:59:10.483257088Z,75
2017-01-13T07:09:12.448211968Z,71
2017-01-13T07:19:14.36516096Z,71
2017-01-13T07:29:16.565115904Z,73
2017-01-13T07:39:18.456186112Z,73
2017-01-13T07:49:20.392358144Z,74
2017-01-13T07:59:22.39307392Z,73
2017-01-13T08:09:24.277968896Z,72
2017-01-13T08:19:26.222834176Z,69
2017-01-13T08:29:28.279216896Z,68
2017-01-13T08:39:30.198391808Z,70
2017-01-13T08:49:32.18850816Z,70
2017-01-13T08:59:34.19634688Z,68
2017-01-13T09:09:36.409380864Z,67
2017-01-13T09:19:38.393622016Z,67
2017-01-13T09:29:40.353722112Z,67
2017-01-13T09:39:42.315257088Z,68
2017-01-13T09:49:44.319431936Z,68
2017-01-13T09:59:46.448643072Z,68
2017-01-13T10:09:48.45684096Z,69
2017-01-13T10:19:50.525491968Z,68
2017-01-13T10:29:52.447629056Z,71
2017-01-13T10:39:54.452819968Z,71
2017-01-13T10:49:56.45679104Z,71
2017-01-13T10:59:58.466341888Z,71
2017-01-13T11:10:00.398313984Z,71
2017-01-13T11:20:02.31826816Z,72
2017-01-13T11:30:04.276385024Z,72
2017-01-13T11:40:06.31462784Z,72
2017-01-13T11:50:08.407262976Z,72
2017-01-13T12:00:10.404476928Z,73
2017-01-13T12:10:12.366137856Z,74
2017-01-13T12:20:14.368946944Z,74
2017-01-13T12:30:16.583437824Z,74
2017-01-13T12:40:18.68615296Z,78
2017-01-13T12:50:20.574387968Z,78
2017-01-13T13:00:22.816627968Z,71
2017-01-13T13:10:24.850169856Z,69
2017-01-13T13:20:27.064235008Z,69
2017-01-13T13:30:29.26447616Z,71
2017-01-13T13:40:31.369702144Z,69
2017-01-13T13:50:33.5880512Z,69
2017-01-13T14:00:35.849238016Z,95
2017-01-13T14:10:38.322285056Z,88
2017-01-13T14:20:40.329826048Z,88
2017-01-13T14:30:42.675566848Z,86
2017-01-13T14:40:44.829924096Z,90
2017-01-13T14:50:47.060979968Z,90
2017-01-13T15:00:49.526366976Z,102
2017-01-13T15:10:51.862356992Z,87
2017-01-13T15:20:53.911580928Z,87
2017-01-13T15:30:56.26263808Z,90
2017-01-13T15:40:58.67816704Z,91
2017-01-13T15:51:01.395142144Z,91
2017-01-13T16:01:04.250114816Z,79
2017-01-13T16:11:06.44478976Z,79
2017-01-13T16:21:08.584925952Z,78
2017-01-13T16:31:10.83835904Z,80
2017-01-13T16:41:13.12733696Z,77
2017-01-13T16:51:15.272377088Z,79
2017-01-13T17:01:17.340205824Z,81
2017-01-13T17:11:19.765490944Z,80
2017-01-13T17:21:22.219386112Z,80
2017-01-13T17:31:24.599015936Z,78
2017-01-13T17:41:26.982608128Z,78
2017-01-13T17:51:28.947184128Z,79
2017-01-13T18:01:31.05901184Z,81
2017-01-13T18:11:33.398498048Z,79
2017-01-13T18:21:35.45986688Z,76
2017-01-13T18:31:38.29429888Z,79
2017-01-13T18:41:40.653475072Z,81
2017-01-13T18:51:42.811505152Z,84
2017-01-13T19:01:44.917673216Z,79
2017-01-13T19:11:47.286252032Z,82
2017-01-13T19:21:49.337825024Z,82
2017-01-13T19:31:52.116032Z,85
2017-01-13T19:41:54.298919936Z,77
2017-01-13T19:51:56.795041024Z,77
2017-01-13T20:01:58.811707904Z,82
2017-01-13T20:12:01.28509312Z,79
2017-01-13T20:22:03.438962944Z,81
2017-01-13T20:32:05.770697216Z,76
2017-01-13T20:42:07.787048192Z,76
2017-01-13T20:52:09.957091072Z,76
2017-01-13T21:02:11.893950976Z,75
2017-01-13T21:12:14.291075072Z,75
2017-01-13T21:22:21.34600704Z,75
2017-01-13T21:32:23.691430144Z,73
2017-01-13T21:42:25.901054976Z,72
2017-01-13T21:52:28.071399936Z,72
2017-01-13T22:02:30.074086912Z,72
2017-01-13T22:12:32.124113152Z,72
2017-01-13T22:22:34.159874048Z,72
2017-01-13T22:32:36.674717952Z,72
2017-01-13T22:42:39.247262976Z,74
2017-01-13T22:52:41.262792192Z,75
2017-01-13T23:02:43.285376Z,75
2017-01-13T23:12:45.336636928Z,79
2017-01-13T23:22:48.17964416Z,80
2017-01-13T23:32:50.606884864Z,75
2017-01-13T23:42:52.887469056Z,76
2017-01-13T23:52:55.274971136Z,74
2017-01-14T00:02:57.3206848Z,76
2017-01-14T00:13:00.25314688Z,76
2017-01-14T00:23:02.330710784Z,76
2017-01-14T00:33:04.539467008Z,75
2017-01-14T00:43:06.691820032Z,75
2017-01-14T00:53:08.871751936Z,76
2017-01-14T01:03:10.99339392Z,75
2017-01-14T01:13:13.551847936Z,76
2017-01-14T01:23:15.57554688Z,73
2017-01-14T01:33:17.792269056Z,73
2017-01-14T01:43:20.286557952Z,76
2017-01-14T01:53:22.483467008Z,80
2017-01-14T02:03:24.55300224Z,76
2017-01-14T02:13:26.709348864Z,76
2017-01-14T02:23:28.81259904Z,79
2017-01-14T02:33:30.932272896Z,75
2017-01-14T02:43:32.82655104Z,75
2017-01-14T02:53:34.561295872Z,74
2017-01-14T03:03:36.350964992Z,78
2017-01-14T03:13:38.050528Z,78
2017-01-14T03:23:39.768214016Z,73
2017-01-14T03:33:41.282462976Z,75
2017-01-14T03:43:42.798838016Z,74
2017-01-14T03:53:44.445059072Z,73
2017-01-14T04:03:45.98374784Z,73
2017-01-14T04:13:47.585366016Z,72
2017-01-14T04:23:49.189259008Z,76
2017-01-14T04:33:50.820123904Z,75
2017-01-14T04:43:52.347613952Z,72
2017-01-14T04:53:54.015648Z,69
2017-01-14T05:03:55.635847168Z,71
2017-01-14T05:13:57.233052928Z,71
2017-01-14T05:23:58.77988096Z,71
2017-01-14T05:34:00.396030976Z,71
2017-01-14T05:44:02.029697024Z,70
2017-01-14T05:54:03.695763968Z,72
2017-01-14T06:04:05.214936064Z,72
2017-01-14T06:14:06.826308096Z,72
2017-01-14T06:24:08.333606912Z,75
2017-01-14T06:34:09.836709888Z,73
2017-01-14T06:44:11.50016Z,73
2017-01-14T06:54:13.046392064Z,76
2017-01-14T07:04:14.674937088Z,75
2017-01-14T07:14:16.387727872Z,69
2017-01-14T07:24:18.103723008Z,69
2017-01-14T07:34:19.643330048Z,69
2017-01-14T07:44:21.488909056Z,70
2017-01-14T07:54:23.01790592Z,69
2017-01-14T08:04:24.520390912Z,71
2017-01-14T08:14:26.105225984Z,75
2017-01-14T08:24:27.688172032Z,74
2017-01-14T08:34:29.201449984Z,74
2017-01-14T08:44:30.827440896Z,75
2017-01-14T08:54:32.443224064Z,74
2017-01-14T09:04:33.899513856Z,74
2017-01-14T09:14:35.49259392Z,73
2017-01-14T09:24:37.10339584Z,71
2017-01-14T09:34:38.710998016Z,72
2017-01-14T09:44:40.33604096Z,70
2017-01-14T09:54:41.949112064Z,70
2017-01-14T10:04:43.642256128Z,70
2017-01-14T10:14:45.4172608Z,71
2017-01-14T10:24:46.929442816Z,70
2017-01-14T10:34:48.476207104Z,68
2017-01-14T10:44:50.439805952Z,68
2017-01-14T10:54:52.019744Z,68
2017-01-14T11:04:53.603945984Z,67
2017-01-14T11:14:55.130620928Z,71
2017-01-14T11:24:56.699044864Z,73
2017-01-14T11:34:58.369167104Z,74
2017-01-14T11:44:59.897455104Z,74
2017-01-14T11:55:01.499878912Z,77
2017-01-14T12:05:03.21341696Z,77
2017-01-14T12:15:04.806998016Z,74
2017-01-14T12:25:06.386168064Z,74
2017-01-14T12:35:08.052972032Z,74
2017-01-14T12:45:09.652407808Z,74
2017-01-14T12:55:11.325712896Z,74
2017-01-14T13:05:12.808528896Z,74
2017-01-14T13:15:14.468604928Z,74
2017-01-14T13:25:16.043881984Z,74
2017-01-14T13:35:17.675052032Z,74
2017-01-14T13:45:19.273225984Z,74
2017-01-14T13:55:20.789438976Z,73
2017-01-14T14:05:22.245974016Z,73
2017-01-14T14:15:23.927367936Z,83
2017-01-14T14:25:25.696233984Z,78
2017-01-14T14:35:27.335314944Z,78
2017-01-14T14:45:28.924846848Z,79
2017-01-14T14:55:30.460093952Z,91
2017-01-14T15:05:32.079732992Z,91
2017-01-14T15:15:33.668589056Z,94
2017-01-14T15:25:35.131756032Z,103
2017-01-14T15:35:36.854526976Z,103
2017-01-14T15:45:38.589003008Z,101
2017-01-14T15:55:40.312400128Z,97
2017-01-14T16:05:42.214153984Z,97
2017-01-14T16:15:44.075153152Z,84
2017-01-14T16:25:45.790825984Z,84
2017-01-14T16:35:47.633004032Z,89
2017-01-14T16:45:49.547558144Z,85
2017-01-14T16:55:51.392816896Z,85
2017-01-14T17:05:53.107764992Z,82
2017-01-14T17:15:55.597730048Z,83
2017-01-14T17:25:57.238929152Z,93
2017-01-14T17:35:59.061656064Z,89
2017-01-14T17:46:00.693828096Z,91
2017-01-14T17:56:02.633409024Z,81
2017-01-14T18:06:04.97121408Z,80
2017-01-14T18:16:07.184467968Z,81
2017-01-14T18:26:09.077987072Z,79
2017-01-14T18:36:10.828877824Z,80
2017-01-14T18:46:12.683814144Z,78
2017-01-14T18:56:14.3952128Z,79
2017-01-14T19:06:16.030298112Z,82
2017-01-14T19:18:41.280987904Z,79
2017-01-14T19:28:42.879710976Z,79
2017-01-14T19:38:44.549954816Z,77
2017-01-14T19:48:46.126296064Z,74
2017-01-14T19:58:47.73797888Z,76
2017-01-14T20:08:49.334492928Z,76
2017-01-14T20:18:50.97323904Z,77
2017-01-14T20:28:52.581886976Z,79
2017-01-14T20:38:54.221008896Z,73
2017-01-14T20:48:55.90409088Z,73
2017-01-14T20:58:57.412493824Z,77
2017-01-14T21:08:59.013837056Z,77
2017-01-14T21:19:00.575341824Z,74
2017-01-14T21:29:02.17430912Z,74
2017-01-14T21:39:03.694621184Z,73
2017-01-14T21:49:05.487365888Z,75
2017-01-14T21:59:07.239769856Z,73
2017-01-14T22:09:08.963019008Z,73
2017-01-14T22:19:10.74680704Z,75
2017-01-14T22:29:12.344516096Z,77
2017-01-14T22:39:13.932382976Z,74
2017-01-14T22:49:15.493857024Z,73
2017-01-14T22:59:17.230028032Z,72
2017-01-14T23:09:18.832057856Z,73
2017-01-14T23:19:20.453684992Z,72
2017-01-14T23:29:21.973485056Z,73
2017-01-14T23:39:23.57392896Z,75
2017-01-14T23:49:25.241147904Z,78
2017-01-14T23:59:26.760855808Z,74
2017-01-15T00:09:28.723556096Z,75
2017-01-15T00:19:30.403143936Z,77
2017-01-15T00:29:32.033972992Z,77
2017-01-15T00:39:33.467422976Z,79
2017-01-15T00:49:35.133497856Z,81
2017-01-15T00:59:36.800233984Z,79
2017-01-15T01:09:38.338876928Z,77
2017-01-15T01:19:39.9566592Z,75
2017-01-15T01:29:41.687841792Z,74
2017-01-15T01:39:43.220025088Z,72
2017-01-15T01:49:44.758778112Z,73
2017-01-15T01:59:46.329054976Z,77
2017-01-15T02:09:47.871211008Z,76
2017-01-15T02:19:49.499480064Z,75
2017-01-15T02:29:51.38384896Z,79
2017-01-15T02:39:52.92072704Z,73
2017-01-15T02:49:54.845170944Z,71
2017-01-15T02:59:56.512702976Z,73
2017-01-15T03:09:58.147678976Z,71
2017-01-15T03:19:59.876164864Z,70
2017-01-15T03:30:01.471819008Z,72
2017-01-15T03:40:03.036980992Z,73
2017-01-15T03:50:04.848846848Z,70
2017-01-15T04:00:06.776702976Z,69
2017-01-15T04:10:08.451000064Z,69
2017-01-15T04:20:10.048875008Z,69
2017-01-15T04:30:11.89716096Z,69
2017-01-15T04:40:13.488509952Z,72
2017-01-15T04:50:15.199172096Z,73
2017-01-15T05:00:16.866425088Z,72
2017-01-15T05:10:18.59100288Z,73
2017-01-15T05:20:20.112376064Z,73
2017-01-15T05:30:21.705799168Z,72
2017-01-15T05:40:23.236751104Z,71
2017-01-15T05:50:24.769563904Z,71
2017-01-15T06:00:26.408377856Z,71
2017-01-15T06:10:27.974014976Z,72
2017-01-15T06:20:29.609134848Z,71
2017-01-15T06:30:31.11056Z,71
2017-01-15T06:40:32.722713856Z,69
2017-01-15T06:50:34.303805952Z,71
2017-01-15T07:00:35.965789952Z,71
2017-01-15T07:10:37.515884032Z,71
2017-01-15T07:20:39.027421952Z,71
2017-01-15T07:30:40.582665984Z,70
2017-01-15T07:40:42.166877952Z,70
2017-01-15T07:50:44.100336128Z,71
2017-01-15T08:00:45.803465984Z,69
2017-01-15T08:10:47.304016128Z,70
2017-01-15T08:20:48.856460032Z,70
2017-01-15T08:30:50.397818112Z,68
2017-01-15T08:40:51.995197184Z,69
2017-01-15T08:50:53.584816896Z,71
2017-01-15T09:00:55.119225856Z,71
2017-01-15T09:10:56.620218112Z,70
2017-01-15T09:20:58.21436416Z,70
2017-01-15T09:30:59.728172032Z,70
2017-01-15T09:41:01.315252992Z,72
2017-01-15T09:51:02.879677184Z,70
2017-01-15T10:01:04.446112Z,69
2017-01-15T10:11:05.961093888Z,68
2017-01-15T10:21:07.741597952Z,69
2017-01-15T10:31:09.310350848Z,67
2017-01-15T10:41:11.277821184Z,68
2017-01-15T10:51:12.86209792Z,68
2017-01-15T11:01:14.427248896Z,68
2017-01-15T11:11:15.954415104Z,68
2017-01-15T11:21:17.557563136Z,68
2017-01-15T11:31:19.157990912Z,71
2017-01-15T11:41:20.995710976Z,72
2017-01-15T11:51:22.55201408Z,73
2017-01-15T12:01:24.139501056Z,72
2017-01-15T12:11:25.759239936Z,75
2017-01-15T12:21:27.315408896Z,75
2017-01-15T12:31:28.858993152Z,74
2017-01-15T12:41:30.408404224Z,74
2017-01-15T12:51:31.946850048Z,74
2017-01-15T13:01:33.548736Z,74
2017-01-15T13:11:35.21588992Z,74
2017-01-15T13:21:36.709187072Z,74
2017-01-15T13:31:38.241223936Z,74
2017-01-15T13:41:39.796946176Z,74
2017-01-15T13:51:41.366650112Z,74
2017-01-15T14:01:42.973756928Z,74
2017-01-15T14:11:44.459942144Z,74
2017-01-15T14:21:46.051501056Z,74
2017-01-15T14:31:47.750166016Z,74
2017-01-15T14:41:49.298292992Z,74
2017-01-15T14:51:50.844944128Z,75
2017-01-15T15:01:52.376323072Z,74
2017-01-15T15:11:54.207390976Z,108
2017-01-15T15:21:55.686588928Z,107
2017-01-15T15:31:57.337728Z,105
2017-01-15T15:41:58.82146304Z,106
2017-01-15T15:52:00.377078016Z,99
2017-01-15T16:02:01.92867584Z,105
2017-01-15T16:12:03.642448896Z,95
2017-01-15T16:22:05.189337088Z,89
2017-01-15T16:32:06.8887488Z,86
2017-01-15T16:42:08.58500096Z,81
2017-01-15T16:52:10.329071872Z,86
2017-01-15T17:02:11.908377856Z,87
2017-01-15T17:12:13.787436032Z,89
2017-01-15T17:22:15.43137408Z,87
2017-01-15T17:32:17.028832Z,88
2017-01-15T17:42:18.807930112Z,87
2017-01-15T17:52:20.916578048Z,84
2017-01-15T18:02:22.704615168Z,83
2017-01-15T18:12:24.849427968Z,82
2017-01-15T18:22:26.551515136Z,82
2017-01-15T18:32:28.456048896Z,73
2017-01-15T18:42:30.252985856Z,75
2017-01-15T18:52:32.446022144Z,75
2017-01-15T19:02:34.270961152Z,88
2017-01-15T19:12:36.791717888Z,74
2017-01-15T19:22:38.843220992Z,74
2017-01-15T19:32:40.873150976Z,75
2017-01-15T19:42:42.938902016Z,73
2017-01-15T20:07:15.869522176Z,74
2017-01-15T20:17:17.523236096Z,75
2017-01-15T20:27:19.498927104Z,74
2017-01-15T20:39:34.129952Z,74
2017-01-15T20:49:35.935544064Z,75
2017-01-15T20:59:37.397008896Z,74
2017-01-15T21:09:39.167053824Z,73
2017-01-15T21:19:40.649827072Z,73
2017-01-15T21:29:42.70749312Z,71
2017-01-15T21:39:44.141988096Z,76
2017-01-15T21:49:46.025948928Z,77
2017-01-15T21:59:47.548062976Z,79
2017-01-15T22:09:49.629880064Z,74
2017-01-15T22:19:51.08557696Z,74
2017-01-15T22:29:52.890855168Z,72
2017-01-15T22:39:54.340321024Z,70
2017-01-15T22:49:56.993761024Z,72
2017-01-15T22:59:58.42248192Z,70
2017-01-15T23:10:00.177492992Z,72
2017-01-15T23:20:01.544882944Z,75
2017-01-15T23:30:03.58965888Z,75
2017-01-15T23:40:05.017151232Z,77
2017-01-15T23:50:06.947001856Z,75
2017-01-16T00:00:08.401485824Z,76
2017-01-16T00:10:10.22991488Z,75
2017-01-16T00:20:11.687897856Z,75
2017-01-16T00:30:13.49973504Z,77
2017-01-16T00:40:14.924474112Z,75
2017-01-16T00:50:16.787902976Z,74
2017-01-16T01:00:18.23925888Z,74
2017-01-16T01:10:19.997746944Z,76
2017-01-16T01:20:21.539478016Z,76
2017-01-16T01:30:23.245310976Z,77
2017-01-16T01:40:24.739078912Z,77
2017-01-16T01:50:26.809745152Z,79
2017-01-16T02:00:28.22052608Z,77
2017-01-16T02:10:30.189846016Z,75
2017-01-16T02:20:31.583579904Z,74
2017-01-16T02:30:33.948596992Z,73
2017-01-16T02:40:35.409154048Z,72
2017-01-16T02:50:37.24191488Z,73
2017-01-16T03:00:38.724626944Z,74
2017-01-16T03:10:40.419780096Z,74
2017-01-16T03:20:41.80699904Z,72
2017-01-16T03:30:43.51419904Z,73
2017-01-16T03:40:44.95472512Z,71
2017-01-16T03:50:46.507540992Z,69
2017-01-16T04:00:48.520731904Z,69
2017-01-16T04:10:50.360790016Z,70
2017-01-16T04:20:51.797316096Z,71
2017-01-16T04:30:53.427001856Z,70
2017-01-16T04:40:54.910749952Z,73
2017-01-16T04:50:56.503539968Z,73
2017-01-16T05:00:58.029449984Z,76
2017-01-16T05:10:59.60547712Z,77
2017-01-16T05:21:01.162753024Z,78
2017-01-16T05:31:03.18057984Z,77
2017-01-16T05:41:04.683924992Z,73
2017-01-16T05:51:06.38987904Z,70
2017-01-16T06:01:08.016689152Z,72
2017-01-16T06:11:09.593907968Z,74
2017-01-16T06:21:11.178324992Z,75
2017-01-16T06:31:12.737059072Z,75
2017-01-16T06:41:14.400883968Z,72
2017-01-16T06:51:16.374811904Z,73
2017-01-16T07:01:17.882888192Z,72
2017-01-16T07:11:19.439203072Z,73
2017-01-16T07:21:20.8846208Z,74
2017-01-16T07:31:22.495464192Z,74
2017-01-16T07:41:24.36974592Z,74
2017-01-16T07:51:25.892024064Z,73
2017-01-16T08:01:27.398902016Z,73
2017-01-16T08:11:29.065208064Z,72
2017-01-16T08:21:30.545964032Z,73
2017-01-16T08:31:32.08739712Z,70
2017-01-16T08:41:33.576976896Z,73
2017-01-16T08:51:35.13951616Z,73
2017-01-16T09:01:36.678419968Z,75
2017-01-16T09:11:38.325312Z,73
2017-01-16T09:21:39.70495616Z,73
2017-01-16T09:31:41.353306112Z,74
2017-01-16T09:41:42.830589184Z,73
2017-01-16T09:51:44.386763008Z,73
2017-01-16T10:01:45.954675968Z,73
2017-01-16T10:11:47.564268032Z,70
2017-01-16T10:21:49.034543872Z,71
2017-01-16T10:31:50.573425152Z,71
2017-01-16T10:41:52.291256064Z,71
2017-01-16T10:51:53.868112128Z,71
2017-01-16T11:01:55.288048128Z,71
2017-01-16T11:11:56.916020992Z,73
2017-01-16T11:21:58.409897216Z,73
2017-01-16T11:32:00.050944Z,69
2017-01-16T11:42:01.574491136Z,70
2017-01-16T11:52:03.426383104Z,69
2017-01-16T12:02:04.945632Z,70
2017-01-16T12:12:06.535947008Z,70
2017-01-16T12:22:08.147401984Z,70
2017-01-16T12:32:09.681950976Z,74
2017-01-16T12:42:11.091522048Z,70
2017-01-16T12:52:12.682379008Z,74
2017-01-16T13:02:14.113364992Z,74
2017-01-16T13:12:15.86242688Z,74
2017-01-16T13:22:17.472420864Z,74
2017-01-16T13:32:19.276316928Z,74
2017-01-16T13:42:20.781317888Z,74
2017-01-16T13:52:22.449318912Z,74
2017-01-16T14:02:23.90868096Z,74
2017-01-16T14:12:25.731636992Z,74
2017-01-16T14:22:27.200571904Z,87
2017-01-16T14:32:29.494563072Z,89
2017-01-16T14:42:30.953121024Z,103
2017-01-16T14:52:32.831602944Z,108
2017-01-16T15:02:34.499443968Z,108
2017-01-16T15:12:36.598913024Z,103
2017-01-16T15:22:38.038465024Z,89
2017-01-16T15:32:39.794960128Z,89
2017-01-16T15:42:41.401054976Z,83
2017-01-16T15:52:43.390968064Z,79
2017-01-16T16:02:44.891414016Z,79
2017-01-16T16:12:48.510052864Z,83
2017-01-16T16:22:50.234179072Z,82
2017-01-16T16:32:52.318962176Z,82
2017-01-16T16:42:54.091817984Z,83
2017-01-16T16:52:56.50551808Z,78
2017-01-16T17:02:58.05237376Z,78
2017-01-16T17:13:00.251378944Z,79
2017-01-16T17:23:01.830328064Z,73
2017-01-16T17:33:04.126343936Z,75
2017-01-16T17:43:05.588761088Z,75
2017-01-16T17:53:07.381912832Z,74
2017-01-16T18:03:09.250510848Z,74
2017-01-16T18:13:12.049339904Z,77
2017-01-16T18:23:13.576365056Z,75
2017-01-16T18:33:15.693635072Z,74
2017-01-16T18:43:17.356303872Z,73
2017-01-16T18:53:20.252775936Z,72
2017-01-16T19:03:21.845204992Z,73
2017-01-16T19:13:24.66951808Z,78
2017-01-16T19:23:26.251943168Z,76
2017-01-16T19:33:29.24919808Z,77
2017-01-16T19:43:30.834806016Z,78
2017-01-16T19:53:32.961929984Z,78
2017-01-16T20:03:34.833424128Z,78
2017-01-16T20:13:37.371535104Z,78
2017-01-16T20:23:39.625735168Z,78
2017-01-16T20:33:41.675968768Z,77
2017-01-16T20:43:43.667943936Z,78
2017-01-16T20:53:45.258014976Z,78
2017-01-16T21:03:47.497286144Z,78
2017-01-16T21:13:49.392769024Z,76
2017-01-16T21:23:51.459443968Z,76
2017-01-16T21:33:53.29711616Z,76
2017-01-16T21:43:55.477643008Z,76
2017-01-16T21:53:57.436576Z,76
2017-01-16T22:03:59.581796864Z,75
2017-01-16T22:14:01.540282112Z,77
2017-01-16T22:24:03.666642944Z,77
2017-01-16T22:34:05.422116096Z,76
2017-01-16T22:44:07.456803072Z,74
2017-01-16T22:54:09.297127936Z,73
2017-01-16T23:04:11.308649984Z,74
2017-01-16T23:14:13.110260992Z,74
2017-01-16T23:24:15.151456Z,76
2017-01-16T23:34:16.998758912Z,79
2017-01-16T23:44:19.221654016Z,72
2017-01-16T23:54:21.40274688Z,71
2017-01-17T00:04:23.39978496Z,73
2017-01-17T00:14:25.136873984Z,74
2017-01-17T00:24:27.202631936Z,73
2017-01-17T00:34:29.096326144Z,71
2017-01-17T00:44:31.362443008Z,71
2017-01-17T00:54:33.202683904Z,72
2017-01-17T01:04:35.217287936Z,73
2017-01-17T01:14:37.11497216Z,71
2017-01-17T01:24:39.179981824Z,72
2017-01-17T01:34:41.011209984Z,73
2017-01-17T01:44:42.937987072Z,80
2017-01-17T01:54:44.973316864Z,82
2017-01-17T02:04:46.948733184Z,81
2017-01-17T02:14:48.870974976Z,80
2017-01-17T02:24:50.732355072Z,79
2017-01-17T02:34:52.716961024Z,77
2017-01-17T02:44:54.50049408Z,75
2017-01-17T02:54:56.513254912Z,73
2017-01-17T03:04:58.270834944Z,73
2017-01-17T03:15:00.277219072Z,77
2017-01-17T03:25:02.259746048Z,77
2017-01-17T03:35:04.081281024Z,73
2017-01-17T03:45:06.130683904Z,73
2017-01-17T03:55:07.951036928Z,72
2017-01-17T04:05:09.915896064Z,72
2017-01-17T04:15:11.752192Z,70
2017-01-17T04:25:13.810648832Z,75
2017-01-17T04:35:15.915653888Z,72
2017-01-17T04:45:17.91456384Z,73
2017-01-17T04:55:19.925702144Z,74
2017-01-17T05:05:21.81430784Z,74
2017-01-17T05:15:23.61332992Z,73
2017-01-17T05:25:25.536576Z,73
2017-01-17T05:35:27.89719296Z,75
2017-01-17T05:45:30.075931904Z,75
2017-01-17T05:55:31.851421952Z,73
2017-01-17T06:05:33.808957184Z,71
2017-01-17T06:15:35.51454592Z,71
2017-01-17T06:25:37.256068864Z,72
2017-01-17T06:35:39.055186944Z,72
2017-01-17T06:45:40.99401216Z,71
2017-01-17T06:55:42.743091968Z,73
2017-01-17T07:05:44.428913152Z,73
2017-01-17T07:15:46.190836992Z,79
2017-01-17T07:25:48.006859008Z,74
2017-01-17T07:35:49.933677824Z,75
2017-01-17T07:45:51.98837504Z,81
2017-01-17T07:55:53.813415168Z,79
2017-01-17T08:05:55.61975296Z,77
2017-01-17T08:15:57.326551808Z,79
2017-01-17T08:25:59.128614912Z,77
2017-01-17T08:36:01.095452928Z,77
2017-01-17T08:46:02.923962112Z,76
2017-01-17T08:56:04.903578112Z,74
2017-01-17T09:06:06.85060608Z,74
2017-01-17T09:16:08.776082944Z,72
2017-01-17T09:26:10.6527232Z,71
2017-01-17T09:36:12.521572096Z,71
2017-01-17T09:46:14.286514944Z,71
2017-01-17T09:56:16.690192896Z,72
2017-01-17T10:06:18.455408128Z,72
2017-01-17T10:16:20.242993152Z,72
2017-01-17T10:26:22.144403968Z,73
2017-01-17T10:36:23.950223872Z,73
2017-01-17T10:46:25.775684096Z,73
2017-01-17T10:56:27.515377152Z,73
2017-01-17T11:06:29.255693824Z,73
2017-01-17T11:16:31.004252928Z,74
2017-01-17T11:26:32.844566016Z,74
2017-01-17T11:36:34.801445888Z,74
2017-01-17T11:46:37.144788992Z,74
2017-01-17T11:56:39.847707904Z,74
2017-01-17T12:06:41.65218816Z,74
2017-01-17T12:16:43.610873088Z,74
2017-01-17T12:26:45.57458816Z,74
2017-01-17T12:36:47.3806592Z,74
2017-01-17T12:46:49.405996032Z,74
2017-01-17T12:56:51.190563072Z,74
2017-01-17T13:06:53.15960704Z,74
2017-01-17T13:16:55.186116096Z,74
2017-01-17T13:26:57.467710976Z,74
2017-01-17T13:36:59.356064Z,74
2017-01-17T13:47:01.285250816Z,74
2017-01-17T13:57:03.294114048Z,71
2017-01-17T14:07:05.641176832Z,71
2017-01-17T14:17:07.677715968Z,73
2017-01-17T14:27:10.098295808Z,80
2017-01-17T14:37:12.167836928Z,87
2017-01-17T14:47:14.422832128Z,89
2017-01-17T14:57:16.336621056Z,97
2017-01-17T15:07:18.234160896Z,92
2017-01-17T15:17:20.370658048Z,88
2017-01-17T15:27:22.370230016Z,82
2017-01-17T15:37:24.198450176Z,81
2017-01-17T15:47:26.258733056Z,82
2017-01-17T15:57:28.17540096Z,83
2017-01-17T16:07:30.256171008Z,82
2017-01-17T16:17:32.196253952Z,83
2017-01-17T16:27:34.393094912Z,83
2017-01-17T16:37:36.202419968Z,76
2017-01-17T16:47:38.29383808Z,79
2017-01-17T16:57:40.214771968Z,77
2017-01-17T17:07:42.391560192Z,80
2017-01-17T17:17:44.211599104Z,83
2017-01-17T17:27:46.457822976Z,80
2017-01-17T17:37:48.246754816Z,85
2017-01-17T17:47:50.685154048Z,79
2017-01-17T17:57:52.453790976Z,77
2017-01-17T18:07:54.84741504Z,78
2017-01-17T18:17:56.407795968Z,78
2017-01-17T18:27:58.778168832Z,80
2017-01-17T18:38:00.781750016Z,76
2017-01-17T18:48:03.680360192Z,78
2017-01-17T18:58:05.747641088Z,82
2017-01-17T19:08:08.952367104Z,78
2017-01-17T19:18:10.596865792Z,79
2017-01-17T19:28:13.069947904Z,77
2017-01-17T19:38:14.923913984Z,76
2017-01-17T19:48:18.069124864Z,76
2017-01-17T19:58:19.726298112Z,77
2017-01-17T20:08:22.619604992Z,77
2017-01-17T20:18:24.17713408Z,80
2017-01-17T20:28:26.817963008Z,79
2017-01-17T20:38:28.456582144Z,84
2017-01-17T20:48:30.656460032Z,81
2017-01-17T20:58:32.262464Z,79
2017-01-17T21:08:34.575678208Z,81
2017-01-17T21:18:36.238532096Z,83
2017-01-17T21:28:38.603053056Z,78
2017-01-17T21:38:40.279137024Z,76
2017-01-17T21:48:42.642628864Z,76
2017-01-17T21:58:44.337388032Z,74
2017-01-17T22:08:46.396930816Z,77
2017-01-17T22:18:47.949700096Z,74
2017-01-17T22:28:49.810981888Z,73
2017-01-17T22:38:51.579931904Z,73
2017-01-17T22:48:54.19408384Z,73
2017-01-17T22:58:55.737534976Z,73
2017-01-17T23:08:58.978940928Z,72
2017-01-17T23:19:00.7408832Z,71
2017-01-17T23:29:02.653220864Z,73
2017-01-17T23:39:04.190795776Z,74
2017-01-17T23:49:06.877893888Z,74
2017-01-17T23:59:08.338877952Z,75
2017-01-18T00:09:10.068080896Z,75
2017-01-18T00:19:11.664001024Z,73
2017-01-18T00:29:13.298140928Z,74
2017-01-18T00:39:15.047728896Z,72
2017-01-18T00:49:16.631966208Z,77
2017-01-18T00:59:18.07073408Z,72
2017-01-18T01:09:19.69164288Z,75
2017-01-18T01:19:21.227677952Z,88
2017-01-18T01:29:22.969377024Z,83
2017-01-18T01:39:24.560944128Z,81
2017-01-18T01:49:26.289313024Z,81
2017-01-18T01:59:27.946827008Z,77
2017-01-18T02:09:29.624066048Z,79
2017-01-18T02:19:31.162082048Z,76
2017-01-18T02:29:32.792783872Z,77
2017-01-18T02:39:34.593730816Z,78
2017-01-18T02:49:36.433101824Z,78
2017-01-18T02:59:38.124973056Z,82
2017-01-18T03:09:39.863435008Z,80
2017-01-18T03:19:41.353132032Z,78
2017-01-18T03:29:43.060002048Z,77
2017-01-18T03:39:44.63934208Z,77
2017-01-18T03:49:46.328286976Z,77
2017-01-18T03:59:47.812637184Z,81
2017-01-18T04:09:49.402929152Z,82
2017-01-18T04:19:50.954340864Z,84
2017-01-18T04:29:52.595671808Z,80
2017-01-18T04:39:54.128071936Z,79
2017-01-18T04:49:55.786896896Z,73
2017-01-18T04:59:57.31518208Z,74
2017-01-18T05:09:58.98298496Z,75
2017-01-18T05:20:00.513783808Z,74
2017-01-18T05:30:02.170661888Z,76
2017-01-18T05:40:03.656210944Z,77
2017-01-18T05:50:05.369677056Z,77
2017-01-18T06:00:06.89969792Z,80
2017-01-18T06:10:08.56760192Z,79
2017-01-18T06:20:10.042434816Z,79
2017-01-18T06:30:11.702765056Z,76
2017-01-18T06:40:13.268104192Z,74
2017-01-18T06:50:15.428456192Z,74
2017-01-18T07:00:17.199078144Z,74
2017-01-18T07:10:19.615369984Z,80
2017-01-18T07:20:21.638273024Z,80
2017-01-18T07:30:23.53605504Z,79
2017-01-18T07:40:25.68551296Z,78
2017-01-18T07:50:27.848946176Z,77
2017-01-18T08:00:29.703755008Z,78
2017-01-18T08:10:31.51769216Z,75
2017-01-18T08:20:33.396267008Z,72
2017-01-18T08:30:34.888262144Z,70
2017-01-18T08:40:36.510624768Z,71
2017-01-18T08:50:38.071576064Z,69
2017-01-18T09:00:40.017468928Z,74
2017-01-18T09:10:41.538479104Z,70
2017-01-18T09:20:43.246185984Z,70
2017-01-18T09:30:44.779875072Z,70
2017-01-18T09:40:46.339149824Z,73
2017-01-18T09:50:48.103579904Z,73
2017-01-18T10:00:49.737672192Z,71
2017-01-18T10:10:51.62855296Z,70
2017-01-18T10:20:53.458724096Z,70
2017-01-18T10:30:55.3984512Z,71
2017-01-18T10:40:57.0874368Z,71
2017-01-18T10:50:58.575083008Z,71
2017-01-18T11:01:00.276475904Z,74
2017-01-18T11:11:02.02740992Z,74
2017-01-18T11:21:03.827532032Z,74
2017-01-18T11:31:05.424720896Z,74
2017-01-18T11:41:07.008660992Z,74
2017-01-18T11:51:08.533252096Z,74
2017-01-18T12:01:10.21342208Z,74
2017-01-18T12:11:11.702047232Z,72
2017-01-18T12:21:13.411518208Z,72
2017-01-18T12:31:14.986354944Z,74
2017-01-18T12:41:16.67354496Z,78
2017-01-18T12:51:18.473555968Z,78
2017-01-18T13:01:20.033531904Z,77
2017-01-18T13:11:21.581402112Z,79
2017-01-18T13:21:23.308717056Z,79
2017-01-18T13:31:24.938182144Z,79
2017-01-18T13:41:26.652491008Z,80
2017-01-18T13:51:28.375650816Z,78
2017-01-18T14:01:30.371512832Z,78
2017-01-18T14:11:31.861671936Z,81
2017-01-18T14:21:34.211078912Z,83
2017-01-18T14:31:35.811785984Z,86
2017-01-18T14:41:38.516711936Z,87
2017-01-18T14:51:40.072624896Z,89
2017-01-18T15:01:42.076620032Z,95
2017-01-18T15:11:43.779813888Z,100
2017-01-18T15:21:45.740928Z,99
2017-01-18T15:31:47.275390976Z,92
2017-01-18T15:41:49.557782016Z,97
2017-01-18T15:51:51.187702016Z,89
2017-01-18T16:01:53.43734784Z,84
2017-01-18T16:11:55.099149056Z,81
2017-01-18T16:21:57.523817984Z,75
2017-01-18T16:31:59.187789056Z,73
2017-01-18T16:42:01.409270016Z,73
2017-01-18T16:52:03.081871104Z,85
2017-01-18T17:02:05.312192Z,77
2017-01-18T17:12:07.524934144Z,76
2017-01-18T17:22:09.744715008Z,79
2017-01-18T17:32:11.976283136Z,77
2017-01-18T17:42:14.784462848Z,77
2017-01-18T17:52:16.406363904Z,80
2017-01-18T18:02:18.971472896Z,78
2017-01-18T18:12:20.686358016Z,76
2017-01-18T18:22:23.558660864Z,76
2017-01-18T18:32:25.369651968Z,75
2017-01-18T18:42:37.242352896Z,74
2017-01-18T18:52:39.396066048Z,74
2017-01-18T19:02:41.468281088Z,76
2017-01-18T19:12:43.500039168Z,78
2017-01-18T19:22:45.974964992Z,79
2017-01-18T19:32:48.107901952Z,81
2017-01-18T19:42:50.70569984Z,79
2017-01-18T19:52:52.867463168Z,76
2017-01-18T20:02:55.35897216Z,76
2017-01-18T20:12:57.089550848Z,82
2017-01-18T20:22:59.264091136Z,79
2017-01-18T20:33:01.180141824Z,76
2017-01-18T20:43:03.447238912Z,77
2017-01-18T20:53:05.282893824Z,79
2017-01-18T21:03:08.730124032Z,81
2017-01-18T21:13:10.558676992Z,82
2017-01-18T21:23:12.88603008Z,83
2017-01-18T21:33:15.212687104Z,80
2017-01-18T21:43:18.712762112Z,79
2017-01-18T21:53:20.74036608Z,76
2017-01-18T22:03:23.239213824Z,78
2017-01-18T22:13:25.225927168Z,77
2017-01-18T22:23:27.380353024Z,75
2017-01-18T22:33:29.869940992Z,73
2017-01-18T22:43:32.176582144Z,72
2017-01-18T22:53:34.144262144Z,73
2017-01-18T23:03:36.464976128Z,75
2017-01-18T23:13:38.193028864Z,76
2017-01-18T23:23:41.3706752Z,76
2017-01-18T23:33:43.462524928Z,76
2017-01-18T23:43:45.731324928Z,78
2017-01-18T23:53:48.028120064Z,72
2017-01-19T00:03:49.90941312Z,73
2017-01-19T00:13:52.114742016Z,74
2017-01-19T00:23:54.060738048Z,78
2017-01-19T00:33:56.055723008Z,75
2017-01-19T00:43:58.145977088Z,75
2017-01-19T00:54:00.312275968Z,76
2017-01-19T01:04:02.712965888Z,83
2017-01-19T01:14:04.822448128Z,82
2017-01-19T01:24:06.886136064Z,78
2017-01-19T01:34:09.00021504Z,88
2017-01-19T01:44:11.308016896Z,85
2017-01-19T01:54:13.307566848Z,84
2017-01-19T02:04:15.256925952Z,82
2017-01-19T02:14:17.486912Z,87
2017-01-19T02:24:19.545300992Z,83
2017-01-19T02:34:21.517798912Z,81
2017-01-19T02:44:23.634381056Z,78
2017-01-19T02:54:25.404377856Z,76
2017-01-19T03:04:27.612685824Z,76
2017-01-19T03:14:29.476484096Z,77
2017-01-19T03:24:31.753981952Z,76
2017-01-19T03:34:33.64781184Z,75
2017-01-19T03:44:35.610524928Z,73
2017-01-19T03:54:37.66864384Z,72
2017-01-19T04:04:39.737790976Z,71
2017-01-19T04:14:41.594470144Z,70
2017-01-19T04:24:43.5702528Z,73
2017-01-19T04:34:45.333848064Z,75
2017-01-19T04:44:47.372698112Z,73
2017-01-19T04:54:49.476481024Z,74
2017-01-19T05:04:51.894246144Z,74
2017-01-19T05:14:53.989229824Z,72
2017-01-19T05:24:55.974569984Z,73
2017-01-19T05:34:58.102372864Z,75
2017-01-19T05:44:59.96909184Z,74
2017-01-19T05:55:02.256048896Z,73
2017-01-19T06:05:04.463328Z,70
2017-01-19T06:15:06.171222016Z,73
2017-01-19T06:25:08.260519936Z,73
2017-01-19T06:35:10.255130112Z,73
2017-01-19T06:45:12.306955008Z,73
2017-01-19T06:55:14.011161088Z,74
2017-01-19T07:05:15.978694912Z,74
2017-01-19T07:15:17.764894976Z,74
2017-01-19T07:25:19.736798976Z,74
2017-01-19T07:35:21.72964992Z,74
2017-01-19T07:45:24.055428096Z,76
2017-01-19T07:55:25.849433856Z,75
2017-01-19T08:05:27.928796928Z,81
2017-01-19T08:15:29.726746112Z,75
2017-01-19T08:25:31.648097024Z,76
2017-01-19T08:35:34.074343936Z,76
2017-01-19T08:45:36.017072896Z,73
2017-01-19T08:55:38.03473408Z,74
2017-01-19T09:05:39.674257152Z,72
2017-01-19T09:15:41.561757184Z,74
2017-01-19T09:25:43.657789952Z,73
2017-01-19T09:35:45.496773888Z,76
2017-01-19T09:45:47.510556928Z,72
2017-01-19T09:55:49.296417024Z,70
2017-01-19T10:05:51.430420992Z,70
2017-01-19T10:15:53.467962112Z,71
2017-01-19T10:25:55.595021056Z,71
2017-01-19T10:35:57.575532032Z,71
2017-01-19T10:45:59.394251008Z,74
2017-01-19T10:56:01.404444928Z,73
2017-01-19T11:06:03.171078912Z,73
2017-01-19T11:16:05.094456064Z,74
2017-01-19T11:26:06.99933184Z,73
2017-01-19T11:36:08.823134976Z,73
2017-01-19T11:46:10.663130112Z,74
2017-01-19T11:56:12.84117376Z,74
2017-01-19T12:06:14.64682496Z,74
2017-01-19T12:16:16.76030208Z,73
2017-01-19T12:26:18.621921024Z,73
2017-01-19T12:36:20.631676928Z,73
2017-01-19T12:46:22.29320192Z,71
2017-01-19T12:56:24.144439808Z,70
2017-01-19T13:06:26.329423872Z,69
2017-01-19T13:16:28.959492096Z,77
2017-01-19T13:26:30.661120768Z,80
2017-01-19T13:36:32.43298304Z,80
2017-01-19T13:46:34.006102016Z,83
2017-01-19T13:56:35.779531008Z,80
2017-01-19T14:06:37.594183936Z,81
2017-01-19T14:16:39.353430016Z,91
2017-01-19T14:26:41.158878976Z,95
2017-01-19T14:36:43.205039104Z,97
2017-01-19T14:46:44.953826048Z,97
2017-01-19T14:56:46.944391936Z,93
2017-01-19T15:06:48.867357952Z,92
2017-01-19T15:16:51.288830976Z,93
2017-01-19T15:26:53.220570112Z,87
2017-01-19T15:36:55.352770048Z,86
2017-01-19T15:46:57.419527168Z,77
2017-01-19T15:56:59.346502912Z,77
2017-01-19T16:07:01.484632064Z,74
2017-01-19T16:17:03.487504128Z,76
2017-01-19T16:27:05.774904064Z,74
2017-01-19T16:37:07.658438912Z,77
2017-01-19T16:47:10.03168384Z,80
2017-01-19T16:57:11.912525056Z,80
2017-01-19T17:07:14.28281088Z,83
2017-01-19T17:17:16.229976832Z,77
2017-01-19T17:27:18.873974016Z,75
2017-01-19T17:37:20.745531136Z,77
2017-01-19T17:47:22.737188096Z,78
2017-01-19T17:57:24.785837824Z,75
2017-01-19T18:07:26.746567936Z,74
2017-01-19T18:17:29.097718016Z,75
2017-01-19T18:27:30.767729152Z,74
2017-01-19T18:37:33.40807296Z,74
2017-01-19T18:47:35.316116992Z,75
2017-01-19T18:57:37.94209792Z,77
2017-01-19T19:07:40.029156096Z,82
2017-01-19T19:17:42.317292032Z,79
2017-01-19T19:27:44.063245056Z,77
2017-01-19T19:37:46.441705984Z,76
2017-01-19T19:47:48.42305792Z,78
2017-01-19T19:57:51.641321984Z,77
2017-01-19T20:07:53.297498112Z,77
2017-01-19T20:17:55.815824128Z,78
2017-01-19T20:27:57.840358144Z,77
2017-01-19T20:38:00.023951104Z,76
2017-01-19T20:48:02.187474944Z,73
2017-01-19T20:58:04.595267072Z,73
2017-01-19T21:08:07.277824Z,74
2017-01-19T21:18:10.814294016Z,87
2017-01-19T21:28:13.105568768Z,85
2017-01-19T21:38:15.736701952Z,76
2017-01-19T21:48:17.32819712Z,78
2017-01-19T21:58:20.08267392Z,78
2017-01-19T22:08:22.088764928Z,77
2017-01-19T22:18:24.515252224Z,74
2017-01-19T22:28:26.635787008Z,74
2017-01-19T22:38:29.266042112Z,78
2017-01-19T22:48:31.467468032Z,75
2017-01-19T22:58:33.80689408Z,76
2017-01-19T23:08:35.66576512Z,77
2017-01-19T23:18:38.041147904Z,80
2017-01-19T23:28:39.893469184Z,78
2017-01-19T23:38:42.13549312Z,75
2017-01-19T23:48:44.093956864Z,75
2017-01-19T23:58:46.261775872Z,71
2017-01-20T00:08:48.310238976Z,74
2017-01-20T00:18:50.737296128Z,79
2017-01-20T00:28:52.621771008Z,75
2017-01-20T00:38:54.506172928Z,73
2017-01-20T00:48:56.460220928Z,72
2017-01-20T00:58:58.373332992Z,77
2017-01-20T01:09:00.965841152Z,78
2017-01-20T01:19:03.545368832Z,79
2017-01-20T01:29:05.98030592Z,80
2017-01-20T01:39:07.79033984Z,76
2017-01-20T01:49:10.089711872Z,76
2017-01-20T01:59:11.889821952Z,77
2017-01-20T02:09:13.941740032Z,76
2017-01-20T02:19:15.652811008Z,76
2017-01-20T02:29:18.298324224Z,77
2017-01-20T02:39:19.988068096Z,79
2017-01-20T02:49:22.67437184Z,79
2017-01-20T02:59:24.345176064Z,81
2017-01-20T03:09:26.867585024Z,82
2017-01-20T03:19:28.52285184Z,82
2017-01-20T03:29:30.508047104Z,80
2017-01-20T03:39:32.55110784Z,79
2017-01-20T03:49:34.402582784Z,77
2017-01-20T03:59:36.38548992Z,75
2017-01-20T04:09:38.323924992Z,77
2017-01-20T04:19:40.320158976Z,77
2017-01-20T04:29:42.351535104Z,75
2017-01-20T04:39:44.506420992Z,75
2017-01-20T04:49:46.345037056Z,75
2017-01-20T04:59:48.376606976Z,77
2017-01-20T05:09:50.208771072Z,77
2017-01-20T05:19:52.353692928Z,74
2017-01-20T05:29:54.59968Z,75
2017-01-20T05:39:56.673477888Z,87
2017-01-20T05:49:58.630841088Z,87
2017-01-20T06:00:00.628547072Z,83
2017-01-20T06:10:02.396851968Z,76
2017-01-20T06:20:04.188872192Z,76
2017-01-20T06:30:06.377146112Z,76
2017-01-20T06:40:08.666758144Z,77
2017-01-20T06:50:10.41229696Z,77
2017-01-20T07:00:12.45480704Z,75
2017-01-20T07:10:14.59537408Z,74
2017-01-20T07:20:16.286904064Z,74
2017-01-20T07:30:18.04792192Z,73
2017-01-20T07:40:19.853359872Z,72
2017-01-20T07:50:21.77360896Z,73
2017-01-20T08:00:23.59996288Z,72
2017-01-20T08:10:25.422981888Z,77
2017-01-20T08:20:27.151060224Z,75
2017-01-20T08:30:28.997147136Z,73
2017-01-20T08:40:30.752443136Z,73
2017-01-20T08:50:32.5170368Z,73
2017-01-20T09:00:34.307301888Z,72
2017-01-20T09:10:36.14233984Z,68
2017-01-20T09:20:38.042509056Z,68
2017-01-20T09:30:40.05777792Z,68
2017-01-20T09:40:41.786462976Z,70
2017-01-20T09:50:53.067846144Z,70
2017-01-20T10:00:54.82954496Z,72
2017-01-20T10:10:56.528871936Z,69
2017-01-20T10:20:58.324754944Z,69
2017-01-20T10:31:00.19232Z,74
2017-01-20T10:41:02.048273152Z,74
2017-01-20T10:51:04.145056Z,74
2017-01-20T11:01:05.869828864Z,74
2017-01-20T11:11:07.751527936Z,74
2017-01-20T11:21:09.459949056Z,74
2017-01-20T11:31:11.286494976Z,74
2017-01-20T11:41:13.234587904Z,74
2017-01-20T11:51:15.14761088Z,74
2017-01-20T12:01:16.870821888Z,74
2017-01-20T12:11:19.17650688Z,74
2017-01-20T12:21:20.902059008Z,74
2017-01-20T12:31:23.123648768Z,74
2017-01-20T12:41:24.821821952Z,78
2017-01-20T12:51:26.919207936Z,78
2017-01-20T13:01:28.954426112Z,71
2017-01-20T13:11:30.889007104Z,69
2017-01-20T13:21:32.846823936Z,69
2017-01-20T13:31:34.922372096Z,71
2017-01-20T13:41:36.865883136Z,69
2017-01-20T13:51:38.977703936Z,75
2017-01-20T14:01:41.023335936Z,95
2017-01-20T14:11:43.22189312Z,88
2017-01-20T14:21:45.069804032Z,91
2017-01-20T14:31:47.322483968Z,86
2017-01-20T14:41:49.644558848Z,90
2017-01-20T14:51:51.840805888Z,90
2017-01-20T15:01:53.652733952Z,102
2017-01-20T15:11:56.812385024Z,87
2017-01-20T15:21:59.446306048Z,89
2017-01-20T15:32:01.72978304Z,90
2017-01-20T15:42:03.482689024Z,91
2017-01-20T15:52:06.057199104Z,88
2017-01-20T16:02:07.955173888Z,89
2017-01-20T16:12:11.414462976Z,87
2017-01-20T16:22:13.264940032Z,86
2017-01-20T16:32:15.859267072Z,79
2017-01-20T16:42:18.482251776Z,76
2017-01-20T16:52:21.324224Z,77
2017-01-20T17:02:23.152925952Z,76
2017-01-20T17:12:30.459480064Z,78
2017-01-20T17:22:32.553261056Z,80
2017-01-20T17:32:34.744153088Z,81
2017-01-20T17:42:41.677490944Z,77
2017-01-20T17:52:43.910459904Z,78
2017-01-20T18:02:46.14896896Z,79
2017-01-20T18:12:49.183780864Z,78
2017-01-20T18:22:51.0472Z,76
2017-01-20T18:32:53.291977984Z,77
2017-01-20T18:42:55.149981952Z,77
2017-01-20T18:53:02.126441984Z,77
2017-01-20T19:03:04.172795904Z,78
2017-01-20T19:13:06.120755968Z,76
2017-01-20T19:23:08.671399168Z,78
2017-01-20T19:33:10.634539008Z,77
2017-01-20T19:43:12.968174848Z,78
2017-01-20T19:53:15.107490048Z,81
2017-01-20T20:03:17.020670976Z,81
2017-01-20T20:13:19.436173824Z,86
2017-01-20T20:23:21.21088Z,79
2017-01-20T20:33:23.420249088Z,78
2017-01-20T20:43:25.331212032Z,84
2017-01-20T20:53:27.369887232Z,80
2017-01-20T21:03:29.862510848Z,79
2017-01-20T21:13:31.813276928Z,80
2017-01-20T21:23:34.137689088Z,74
2017-01-20T21:33:36.348544Z,74
2017-01-20T21:43:38.10264704Z,75
2017-01-20T21:53:40.582179072Z,76
2017-01-20T22:03:42.612272128Z,72
2017-01-20T22:13:49.668713984Z,74
2017-01-20T22:23:51.543389952Z,74
2017-01-20T22:33:53.77733504Z,73
2017-01-20T22:43:55.537261056Z,75
2017-01-20T22:53:57.742157824Z,74
2017-01-20T23:06:51.869188096Z,74
2017-01-20T23:16:54.302403072Z,79
2017-01-20T23:26:56.305239808Z,77
2017-01-20T23:36:58.531719936Z,75
2017-01-20T23:47:00.558518016Z,74
2017-01-20T23:57:02.38687488Z,76
2017-01-21T00:07:04.445985024Z,80
2017-01-21T00:17:06.436624128Z,79
2017-01-21T00:27:08.393052928Z,75
2017-01-21T00:37:10.30523392Z,74
2017-01-21T00:47:12.22554112Z,77
2017-01-21T00:57:14.406306048Z,82
2017-01-21T01:07:16.253003008Z,74
2017-01-21T01:17:18.407027968Z,77
2017-01-21T01:27:20.491291136Z,76
2017-01-21T01:37:22.591129088Z,79
2017-01-21T01:47:24.759783936Z,80
2017-01-21T01:57:26.738377216Z,81
2017-01-21T02:07:28.733508096Z,76
2017-01-21T02:17:30.75439104Z,77
2017-01-21T02:27:32.82191616Z,78
2017-01-21T02:37:34.705869056Z,76
2017-01-21T02:47:36.580219136Z,76
2017-01-21T02:57:38.637070848Z,88
2017-01-21T03:07:40.921412864Z,77
2017-01-21T03:17:43.026029056Z,76
2017-01-21T03:27:44.974995968Z,76
2017-01-21T03:37:46.98729216Z,77
2017-01-21T03:47:49.037031936Z,76
2017-01-21T03:57:50.988472832Z,74
2017-01-21T04:07:53.051556096Z,72
2017-01-21T04:17:55.064174848Z,72
2017-01-21T04:27:57.095873024Z,71
2017-01-21T04:37:59.068461056Z,71
2017-01-21T04:48:01.116177152Z,73
2017-01-21T04:58:03.029513984Z,73
2017-01-21T05:08:05.063273984Z,72
2017-01-21T05:18:07.033778944Z,71
2017-01-21T05:28:09.003736064Z,72
2017-01-21T05:38:10.962937088Z,71
2017-01-21T05:48:13.176491008Z,71
2017-01-21T05:58:15.37938816Z,72
2017-01-21T06:08:17.396080896Z,74
2017-01-21T06:18:19.36511104Z,74
2017-01-21T06:28:21.408584192Z,74
2017-01-21T06:38:23.387628032Z,70
2017-01-21T06:48:25.333436928Z,70
2017-01-21T06:58:27.29532416Z,71
2017-01-21T07:08:29.282294016Z,71
2017-01-21T07:18:31.172090112Z,71
2017-01-21T07:28:33.066093824Z,72
2017-01-21T07:38:34.959086848Z,73
2017-01-21T07:48:36.858913024Z,73
2017-01-21T07:58:38.955485184Z,74
2017-01-21T08:08:40.871298048Z,74
2017-01-21T08:18:42.655508992Z,71
2017-01-21T08:28:44.712630016Z,70
2017-01-21T08:38:46.629666048Z,69
2017-01-21T08:48:48.437943808Z,70
2017-01-21T08:58:50.35224704Z,71
2017-01-21T09:08:52.201638912Z,70
2017-01-21T09:18:54.308765952Z,71
2017-01-21T09:28:56.260084992Z,67
2017-01-21T09:38:58.173366016Z,69
2017-01-21T09:49:00.12094208Z,67
2017-01-21T09:59:02.028050944Z,68
2017-01-21T10:09:03.910921216Z,69
2017-01-21T10:19:05.942148864Z,69
2017-01-21T10:29:07.885312Z,67
2017-01-21T10:39:09.84692992Z,70
2017-01-21T10:49:11.989820928Z,69
2017-01-21T10:59:13.906672128Z,68
2017-01-21T11:09:15.812510976Z,73
2017-01-21T11:19:17.682243072Z,73
2017-01-21T11:29:19.782820096Z,75
2017-01-21T11:39:21.781444096Z,76
2017-01-21T11:49:23.632172032Z,76
2017-01-21T11:59:25.451379968Z,72
2017-01-21T12:09:27.384829952Z,68
2017-01-21T12:19:29.53254784Z,68
2017-01-21T12:29:31.446365184Z,69
2017-01-21T12:39:33.349998848Z,69
2017-01-21T12:49:35.358743808Z,69
2017-01-21T12:59:37.405314048Z,69
2017-01-21T13:09:39.445436928Z,74
2017-01-21T13:19:41.433857792Z,74
2017-01-21T13:29:43.5268928Z,74
2017-01-21T13:39:45.495634944Z,74
2017-01-21T13:49:47.60506112Z,74
2017-01-21T13:59:49.649702144Z,73
2017-01-21T14:09:51.71435392Z,83
2017-01-21T14:19:53.57717888Z,83
2017-01-21T14:29:55.595650048Z,78
2017-01-21T14:39:57.64127488Z,79
2017-01-21T14:49:59.687465984Z,79
2017-01-21T15:00:01.679131136Z,91
2017-01-21T15:10:03.87048192Z,94
2017-01-21T15:20:05.843854848Z,94
2017-01-21T15:30:08.056411136Z,103
2017-01-21T15:40:10.054230016Z,101
2017-01-21T15:50:12.169278976Z,101
2017-01-21T16:00:14.156902912Z,97
2017-01-21T16:10:16.186665984Z,85
2017-01-21T16:20:18.279771136Z,86
2017-01-21T16:30:20.68851584Z,80
2017-01-21T16:40:22.780656128Z,79
2017-01-21T16:50:24.787867136Z,79
2017-01-21T17:00:27.121243904Z,77
2017-01-21T17:10:29.269985024Z,74
2017-01-21T17:20:31.478756864Z,74
2017-01-21T17:30:33.448899072Z,76
2017-01-21T17:40:35.433180928Z,78
2017-01-21T17:50:37.570157056Z,77
2017-01-21T18:00:39.675235072Z,78
2017-01-21T18:10:41.76457088Z,81
2017-01-21T18:20:43.759874048Z,81
2017-01-21T18:30:45.814699008Z,78
2017-01-21T18:40:47.776Z,77
2017-01-21T18:50:50.027729152Z,74
2017-01-21T19:00:52.13963008Z,77
2017-01-21T19:10:54.187128064Z,79
2017-01-21T19:20:56.217272064Z,77
2017-01-21T19:30:58.263307008Z,74
2017-01-21T19:41:00.348388864Z,74
2017-01-21T19:51:02.440198912Z,72
2017-01-21T20:01:04.39483392Z,74
2017-01-21T20:11:06.672046848Z,75
2017-01-21T20:21:08.733762048Z,72
2017-01-21T20:31:10.83003904Z,71
2017-01-21T20:41:12.8505472Z,71
2017-01-21T20:51:15.209812992Z,71
2017-01-21T21:01:17.417337856Z,84
2017-01-21T21:11:19.696557056Z,80
2017-01-21T21:21:21.6386112Z,76
2017-01-21T21:31:23.905903104Z,77
2017-01-21T21:41:25.864162048Z,73
2017-01-21T21:51:27.960570112Z,82
2017-01-21T22:01:30.076610048Z,81
2017-01-21T22:11:32.159883008Z,82
2017-01-21T22:21:34.242286848Z,79
2017-01-21T22:31:36.356312064Z,75
2017-01-21T22:41:38.43808512Z,76
2017-01-21T22:51:40.707003136Z,77
2017-01-21T23:01:42.684907008Z,76
2017-01-21T23:11:44.963964928Z,74
2017-01-21T23:21:47.143603968Z,76
2017-01-21T23:31:49.23878912Z,76
2017-01-21T23:41:51.263788032Z,77
2017-01-21T23:51:53.342194176Z,74
2017-01-22T00:01:55.391410176Z,74
2017-01-22T00:11:57.621513984Z,78
2017-01-22T00:21:59.535568896Z,80
2017-01-22T00:32:01.718944Z,76
2017-01-22T00:42:03.752890112Z,77
2017-01-22T00:52:05.85419392Z,77
2017-01-22T01:02:07.818341888Z,77
2017-01-22T01:12:09.915399168Z,74
2017-01-22T01:22:11.898334976Z,73
2017-01-22T01:32:13.999078912Z,72
2017-01-22T01:42:16.309961984Z,77
2017-01-22T01:52:18.81590784Z,77
2017-01-22T02:02:20.87838592Z,75
2017-01-22T02:12:22.846268928Z,76
2017-01-22T02:22:24.79516288Z,72
2017-01-22T02:32:26.845873152Z,72
2017-01-22T02:42:28.874500864Z,73
2017-01-22T02:52:30.964605952Z,75
2017-01-22T03:02:32.93412992Z,75
2017-01-22T03:12:34.96454912Z,75
2017-01-22T03:22:36.960524032Z,72
2017-01-22T03:32:39.345232128Z,73
2017-01-22T03:42:41.299951104Z,75
2017-01-22T03:52:43.343538944Z,73
2017-01-22T04:02:45.372966144Z,70
2017-01-22T04:12:47.342329856Z,71
2017-01-22T04:22:49.977531904Z,71
2017-01-22T04:32:51.943012864Z,71
2017-01-22T04:42:54.043901952Z,74
2017-01-22T04:52:56.069894912Z,75
2017-01-22T05:02:57.94840704Z,76
2017-01-22T05:13:00.112310016Z,75
2017-01-22T05:23:02.085216Z,75
2017-01-22T05:33:04.103307008Z,74
2017-01-22T05:43:06.110935808Z,70
2017-01-22T05:53:08.13704704Z,71
2017-01-22T06:03:10.163330048Z,70
2017-01-22T06:13:12.357676032Z,72
2017-01-22T06:23:14.393722112Z,70
2017-01-22T06:33:16.53918592Z,71
2017-01-22T06:43:18.525028864Z,73
2017-01-22T06:53:20.526633984Z,73
2017-01-22T07:03:22.454057984Z,72
2017-01-22T07:13:24.407776Z,72
2017-01-22T07:23:26.675066112Z,74
2017-01-22T07:33:28.608536064Z,73
2017-01-22T07:43:30.449209088Z,72
2017-01-22T07:53:32.416429056Z,72
2017-01-22T08:03:34.369012992Z,72
2017-01-22T08:13:36.38785792Z,73
2017-01-22T08:23:38.30100608Z,72
2017-01-22T08:33:40.152605184Z,71
2017-01-22T08:43:42.043117056Z,72
2017-01-22T08:53:43.885644032Z,73
2017-01-22T09:03:45.960717056Z,73
2017-01-22T09:13:47.947428864Z,69
2017-01-22T09:23:49.932539904Z,69
2017-01-22T09:33:51.835038976Z,66
2017-01-22T09:43:53.834153984Z,67
2017-01-22T09:59:20.59713792Z,68
2017-01-22T10:09:22.75250688Z,67
2017-01-22T10:19:24.771225856Z,67
2017-01-22T10:29:26.648472064Z,67
2017-01-22T10:39:28.5088128Z,66
2017-01-22T10:49:30.35227904Z,66
2017-01-22T10:59:32.388050176Z,66
2017-01-22T11:09:34.234761984Z,66
2017-01-22T11:19:36.236036096Z,66
2017-01-22T11:29:38.190460928Z,70
2017-01-22T11:39:40.156084992Z,75
2017-01-22T11:49:42.222560768Z,75
2017-01-22T11:59:44.218496Z,75
2017-01-22T12:09:46.064660992Z,75
2017-01-22T12:19:47.999090944Z,75
2017-01-22T12:29:49.883843072Z,74
2017-01-22T12:39:51.868801024Z,73
2017-01-22T12:49:53.844367104Z,73
2017-01-22T12:59:55.881181952Z,73
2017-01-22T13:09:57.77394304Z,73
2017-01-22T13:19:59.764139776Z,73
2017-01-22T13:30:01.704166912Z,74
2017-01-22T13:40:04.040667136Z,73
2017-01-22T13:50:06.189244928Z,74
2017-01-22T14:00:08.254820096Z,74
2017-01-22T14:10:10.077886208Z,74
2017-01-22T14:20:12.198420992Z,74
2017-01-22T14:30:14.26576896Z,74
2017-01-22T14:40:16.330178048Z,74
2017-01-22T14:50:18.137434112Z,74
2017-01-22T15:00:20.292438016Z,74
2017-01-22T15:10:22.112241152Z,108
2017-01-22T15:20:24.177483008Z,108
2017-01-22T15:30:26.086322944Z,105
2017-01-22T15:40:28.155277056Z,106
2017-01-22T15:50:30.04109312Z,106
2017-01-22T16:00:32.150156032Z,108
2017-01-22T16:10:33.967672064Z,98
2017-01-22T16:20:36.079046912Z,98
2017-01-22T16:30:37.899300096Z,85
2017-01-22T16:40:40.288235776Z,79
2017-01-22T16:50:42.059891968Z,80
2017-01-22T17:00:44.346749952Z,85
2017-01-22T17:10:46.187758848Z,80
2017-01-22T17:20:48.488406016Z,81
2017-01-22T17:30:50.343574016Z,81
2017-01-22T17:40:52.613598208Z,78
2017-01-22T17:50:54.68968192Z,89
2017-01-22T18:00:57.114137856Z,86
2017-01-22T18:10:58.996717056Z,74
2017-01-22T18:21:01.32212992Z,75
2017-01-22T18:31:03.227649024Z,75
2017-01-22T18:41:05.456388096Z,76
2017-01-22T18:51:07.337021184Z,78
2017-01-22T19:01:09.634612992Z,76
2017-01-22T19:11:11.467108096Z,74
2017-01-22T19:21:13.762458112Z,74
2017-01-22T19:31:15.593409024Z,74
2017-01-22T19:41:17.91552896Z,73
2017-01-22T19:51:19.675949056Z,74
2017-01-22T20:01:22.115625984Z,73
2017-01-22T20:11:23.867953152Z,72
2017-01-22T20:21:26.57728Z,75
2017-01-22T20:31:28.181762816Z,74
2017-01-22T20:41:30.775106816Z,71
2017-01-22T20:51:32.668646144Z,72
2017-01-22T21:01:34.71567104Z,71
2017-01-22T21:11:36.823731968Z,71
2017-01-22T21:21:38.86200192Z,71
2017-01-22T21:31:40.67528704Z,71
2017-01-22T21:41:42.743792896Z,72
2017-01-22T21:51:44.749820928Z,73
2017-01-22T22:01:46.809528064Z,74
2017-01-22T22:11:48.72124288Z,73
2017-01-22T22:21:50.83208704Z,73
2017-01-22T22:31:52.77510912Z,79
2017-01-22T22:41:54.725053952Z,69
2017-01-22T22:51:56.795460096Z,69
2017-01-22T23:01:58.625468928Z,72
2017-01-22T23:12:00.67180288Z,75
2017-01-22T23:22:02.775526144Z,73
2017-01-22T23:32:04.738926848Z,74
2017-01-22T23:42:06.60282496Z,74
2017-01-22T23:52:08.498009088Z,71
2017-01-23T00:02:10.403181056Z,71
2017-01-23T00:12:12.313764096Z,75
2017-01-23T00:22:14.306849024Z,74
2017-01-23T00:32:16.40381696Z,75
2017-01-23T00:42:18.542329088Z,73
2017-01-23T00:52:20.699776768Z,73
2017-01-23T01:02:22.741718016Z,73
2017-01-23T01:12:24.707907072Z,74
2017-01-23T01:22:26.492290048Z,77
2017-01-23T01:32:28.48674304Z,76
2017-01-23T01:42:30.346468864Z,76
2017-01-23T01:52:32.287053056Z,75
2017-01-23T02:02:34.30731904Z,76
2017-01-23T02:12:36.170093056Z,76
2017-01-23T02:22:38.073703936Z,74
2017-01-23T02:32:39.962500096Z,74
2017-01-23T02:42:41.90548992Z,75
2017-01-23T02:52:43.923649024Z,74
2017-01-23T03:02:45.98519808Z,75
2017-01-23T03:12:47.830003968Z,74
2017-01-23T03:22:49.86154112Z,85
2017-01-23T03:32:51.732477952Z,78
2017-01-23T03:42:53.764589056Z,76
2017-01-23T03:52:55.76747904Z,76
2017-01-23T04:02:57.555025152Z,79
2017-01-23T04:12:59.32726912Z,74
2017-01-23T04:23:01.375788032Z,74
2017-01-23T04:33:03.195081984Z,72
2017-01-23T04:43:05.37507712Z,73
2017-01-23T04:53:07.152748032Z,77
2017-01-23T05:03:09.184732928Z,76
2017-01-23T05:13:11.140966912Z,76
2017-01-23T05:23:13.034060032Z,75
2017-01-23T05:33:15.015918848Z,76
2017-01-23T05:43:16.996446976Z,74
2017-01-23T05:53:18.985817856Z,73
2017-01-23T06:03:20.956082176Z,72
2017-01-23T06:13:22.755000064Z,74
2017-01-23T06:23:24.988809216Z,75
2017-01-23T06:33:27.060580864Z,75
2017-01-23T06:43:29.113261824Z,77
2017-01-23T06:53:31.029572864Z,75
2017-01-23T07:03:33.315439872Z,75
2017-01-23T07:13:35.109021952Z,76
2017-01-23T07:23:36.9040192Z,74
2017-01-23T07:33:38.837462016Z,86
2017-01-23T07:43:41.063769088Z,82
2017-01-23T07:53:42.86114688Z,76
2017-01-23T08:03:44.816092928Z,76
2017-01-23T08:13:46.73192704Z,74
2017-01-23T08:23:48.518994176Z,71
2017-01-23T08:33:50.786448896Z,71
2017-01-23T08:43:52.966541056Z,71
2017-01-23T08:53:54.999717888Z,74
2017-01-23T09:03:56.529452032Z,71
2017-01-23T09:13:58.707584Z,72
2017-01-23T09:24:00.325964032Z,72
2017-01-23T09:34:02.371783936Z,72
2017-01-23T09:44:04.155316992Z,72
2017-01-23T09:54:05.985590016Z,73
2017-01-23T10:04:07.832637184Z,74
2017-01-23T10:14:09.707225088Z,72
2017-01-23T10:24:11.870585856Z,74
2017-01-23T10:34:13.752391168Z,74
2017-01-23T10:44:15.856216832Z,74
2017-01-23T10:54:17.80902784Z,74
2017-01-23T11:04:19.694770176Z,74
2017-01-23T11:14:21.452454144Z,74
2017-01-23T11:24:23.406639104Z,74
2017-01-23T11:34:25.32388096Z,74
2017-01-23T11:44:27.35343104Z,74
2017-01-23T11:54:29.313148928Z,73
2017-01-23T12:04:31.320733952Z,73
2017-01-23T12:14:32.954617856Z,73
2017-01-23T12:24:34.574567168Z,73
2017-01-23T12:34:36.285799936Z,73
2017-01-23T12:44:38.711215104Z,70
2017-01-23T12:54:40.438725888Z,74
2017-01-23T13:04:42.44619008Z,74
2017-01-23T13:14:44.141468928Z,74
2017-01-23T13:24:45.88224Z,74
2017-01-23T13:34:47.753086208Z,74
2017-01-23T13:44:49.729474048Z,74
2017-01-23T13:54:51.604249856Z,74
2017-01-23T14:04:53.430726912Z,74
2017-01-23T14:14:55.15265024Z,74
2017-01-23T14:24:57.216422912Z,89
2017-01-23T14:34:59.441092864Z,89
2017-01-23T14:45:01.063328Z,103
2017-01-23T14:55:03.314898944Z,108
2017-01-23T15:05:05.125730048Z,108
2017-01-23T15:15:07.480811008Z,103
2017-01-23T15:25:09.350631936Z,89
2017-01-23T15:35:11.560837888Z,83
2017-01-23T15:45:13.802383872Z,77
2017-01-23T15:55:15.861355008Z,85
2017-01-23T16:05:18.58901504Z,91
2017-01-23T16:15:20.847853056Z,83
2017-01-23T16:25:22.878799872Z,77
2017-01-23T16:35:25.230923776Z,78
2017-01-23T16:45:27.429848064Z,75
2017-01-23T16:55:29.605086208Z,74
2017-01-23T17:05:31.499664896Z,76
2017-01-23T17:15:33.760307968Z,72
2017-01-23T17:25:35.955440896Z,71
2017-01-23T17:35:38.446697984Z,71
2017-01-23T17:45:41.022460928Z,71
2017-01-23T17:55:43.50535296Z,72
2017-01-23T18:05:45.85152896Z,74
2017-01-23T18:15:47.785327872Z,76
2017-01-23T18:25:50.000416Z,73
2017-01-23T18:35:52.9093248Z,74
2017-01-23T18:45:55.192980992Z,77
2017-01-23T18:55:57.476969984Z,77
2017-01-23T19:05:59.39275904Z,77
2017-01-23T19:16:02.662419968Z,76
2017-01-23T19:26:04.700045056Z,83
2017-01-23T19:36:06.871515136Z,82
2017-01-23T19:46:09.240033024Z,77
2017-01-23T19:56:11.721179136Z,77
2017-01-23T20:06:13.973030144Z,74
2017-01-23T20:16:16.402962944Z,75
2017-01-23T20:26:18.320769024Z,77
2017-01-23T20:36:20.457645056Z,78
2017-01-23T20:46:22.659049984Z,80
2017-01-23T20:56:25.109894912Z,77
2017-01-23T21:06:27.383243008Z,78
2017-01-23T21:16:30.039719936Z,78
2017-01-23T21:26:31.883348992Z,76
2017-01-23T21:36:33.79331584Z,79
2017-01-23T21:46:35.92700288Z,80
2017-01-23T21:56:38.154625024Z,77
2017-01-23T22:06:40.190341888Z,74
2017-01-23T22:16:42.345531904Z,72
2017-01-23T22:26:44.59385984Z,73
2017-01-23T22:36:46.787836928Z,74
2017-01-23T22:46:48.939904Z,75
2017-01-23T22:56:51.01639808Z,75
2017-01-23T23:06:53.125821952Z,74
2017-01-23T23:16:54.904126976Z,75
2017-01-23T23:26:56.848387072Z,76
2017-01-23T23:36:58.545208832Z,74
2017-01-23T23:47:00.686064128Z,74
2017-01-23T23:57:02.487746048Z,113
2017-01-24T00:07:04.926332928Z,101
2017-01-24T00:17:06.727238912Z,83
2017-01-24T00:27:08.765209856Z,76
2017-01-24T00:37:10.555332864Z,77
2017-01-24T00:47:12.711683072Z,88
2017-01-24T00:57:14.60219008Z,92
2017-01-24T01:07:16.62257792Z,76
2017-01-24T01:17:18.578974976Z,76
2017-01-24T01:27:20.55732608Z,76
2017-01-24T01:37:22.540226816Z,79
2017-01-24T01:47:24.481911808Z,82
2017-01-24T01:57:26.362729984Z,84
2017-01-24T02:07:28.475449088Z,81
2017-01-24T02:17:30.37240192Z,82
2017-01-24T02:27:32.57656704Z,78
2017-01-24T02:37:35.237943808Z,93
2017-01-24T02:47:37.375670784Z,74
2017-01-24T02:57:39.201601024Z,74
2017-01-24T03:07:41.221636096Z,84
2017-01-24T03:17:42.920677888Z,99
2017-01-24T03:27:45.455620096Z,77
2017-01-24T03:37:47.36288896Z,73
2017-01-24T03:47:49.259032064Z,74
2017-01-24T03:57:51.337188096Z,75
2017-01-24T04:07:53.256454912Z,82
2017-01-24T04:17:55.214242048Z,77
2017-01-24T04:27:57.360146944Z,80
2017-01-24T04:37:59.227152128Z,74
2017-01-24T04:48:01.242124032Z,74
2017-01-24T04:58:03.049547008Z,76
2017-01-24T05:08:05.066109952Z,77
2017-01-24T05:18:06.811104Z,75
2017-01-24T05:28:08.797997824Z,77
2017-01-24T05:38:10.711886848Z,76
2017-01-24T05:48:12.816656128Z,75
2017-01-24T05:58:14.622950912Z,76
2017-01-24T06:08:16.673965056Z,76
2017-01-24T06:18:18.553276928Z,76
2017-01-24T06:28:20.473968896Z,73
2017-01-24T06:38:22.52270208Z,75
2017-01-24T06:48:24.23368192Z,74
2017-01-24T06:58:26.457138176Z,78
2017-01-24T07:08:28.348507904Z,82
2017-01-24T07:18:30.296918016Z,82
2017-01-24T07:28:32.183129088Z,78
2017-01-24T07:38:34.36530816Z,74
2017-01-24T07:48:36.476183808Z,74
2017-01-24T07:58:38.345273856Z,72
2017-01-24T08:08:40.292193792Z,76
2017-01-24T08:18:42.457822208Z,74
2017-01-24T08:28:44.569186048Z,76
2017-01-24T08:38:46.889498112Z,80
2017-01-24T08:48:49.057751808Z,79
2017-01-24T08:58:50.900487936Z,78
2017-01-24T09:08:52.924887808Z,73
2017-01-24T09:18:55.21535104Z,68
2017-01-24T09:28:57.025094144Z,66
2017-01-24T09:38:58.938491136Z,68
2017-01-24T09:49:00.59483904Z,69
2017-01-24T09:59:02.528333824Z,68
2017-01-24T10:09:04.76721408Z,68
2017-01-24T10:19:06.468787968Z,67
2017-01-24T10:29:08.329788928Z,67
2017-01-24T10:39:10.3355392Z,69
2017-01-24T10:49:11.989435904Z,69
2017-01-24T10:59:13.546059008Z,69
2017-01-24T11:09:15.58150016Z,69
2017-01-24T11:19:17.114326016Z,71
2017-01-24T11:29:18.584964864Z,74
2017-01-24T11:39:20.579202048Z,73
2017-01-24T11:49:22.396133888Z,73
2017-01-24T11:59:24.519838208Z,73
2017-01-24T12:09:26.094931968Z,73
2017-01-24T12:19:27.814496Z,73
2017-01-24T12:29:29.41878784Z,73
2017-01-24T12:39:31.228777984Z,73
2017-01-24T12:49:33.357562112Z,73
2017-01-24T12:59:35.566982144Z,73
2017-01-24T13:09:37.696957952Z,73
2017-01-24T13:19:39.61693184Z,73
2017-01-24T13:29:41.206664192Z,73
2017-01-24T13:39:43.67975296Z,73
2017-01-24T13:49:45.93435776Z,73
2017-01-24T13:59:49.579175936Z,69
2017-01-24T14:09:51.187810048Z,72
2017-01-24T14:19:54.597073152Z,72
2017-01-24T14:29:56.118552064Z,80
2017-01-24T14:39:59.56260992Z,87
2017-01-24T14:50:01.661314048Z,87
2017-01-24T15:00:05.431365888Z,90
2017-01-24T15:10:07.995033856Z,89
2017-01-24T15:20:11.14720896Z,89
2017-01-24T15:30:13.191387904Z,83
2017-01-24T15:40:16.628038912Z,88
2017-01-24T15:50:18.646894848Z,80
2017-01-24T16:00:21.616139008Z,80
2017-01-24T16:10:23.989837824Z,79
2017-01-24T16:20:27.404428032Z,77
2017-01-24T16:30:29.821086976Z,78
2017-01-24T16:40:32.474208Z,78
2017-01-24T16:50:35.20068096Z,78
2017-01-24T17:00:37.839931904Z,81
2017-01-24T17:10:40.238883072Z,84
2017-01-24T17:20:43.310082048Z,83
2017-01-24T17:30:45.861218816Z,80
2017-01-24T17:40:49.699839232Z,78
2017-01-24T17:50:51.923113216Z,77
2017-01-24T18:00:54.698390016Z,76
2017-01-24T18:10:57.838404864Z,73
2017-01-24T18:21:00.486726144Z,74
2017-01-24T18:31:03.323517952Z,76
2017-01-24T18:41:05.753191936Z,78
2017-01-24T18:51:09.421775104Z,79
2017-01-24T19:01:11.620579072Z,79
2017-01-24T19:11:15.148364032Z,77
2017-01-24T19:21:17.639687936Z,77
2017-01-24T19:31:20.649445888Z,78
2017-01-24T19:41:23.48848896Z,80
2017-01-24T19:51:27.18082688Z,80
2017-01-24T20:01:29.385728Z,82
2017-01-24T20:11:31.90753792Z,83
2017-01-24T20:21:34.215437824Z,81
2017-01-24T20:31:37.324742912Z,78
2017-01-24T20:41:40.08035712Z,75
2017-01-24T20:51:42.79464192Z,88
2017-01-24T21:01:45.041021952Z,75
2017-01-24T21:11:47.767602944Z,77
2017-01-24T21:21:49.984139008Z,82
2017-01-24T21:31:52.552239872Z,76
2017-01-24T21:41:55.435745024Z,76
2017-01-24T21:51:58.028100096Z,77
2017-01-24T22:02:00.24267008Z,75
2017-01-24T22:12:03.714448896Z,79
2017-01-24T22:22:05.963713792Z,76
2017-01-24T22:32:09.232374016Z,75
2017-01-24T22:42:11.756882944Z,81
2017-01-24T22:52:13.884992Z,80
2017-01-24T23:02:16.206628096Z,79
2017-01-24T23:12:19.024049152Z,75
2017-01-24T23:22:21.548655872Z,74
2017-01-24T23:32:24.477003008Z,71
2017-01-24T23:42:27.532665088Z,71
2017-01-24T23:52:30.144912896Z,73
2017-01-25T00:02:32.783406848Z,74
2017-01-25T00:12:35.285646848Z,76
2017-01-25T00:22:38.244091136Z,75
2017-01-25T00:32:40.832284928Z,76
2017-01-25T00:42:43.396295168Z,75
2017-01-25T00:52:45.92916608Z,73
2017-01-25T01:02:49.034765056Z,73
2017-01-25T01:12:56.5635008Z,78
2017-01-25T01:22:59.538251008Z,79
2017-01-25T01:33:02.175549952Z,83
2017-01-25T01:43:04.985302016Z,79
2017-01-25T01:53:07.262830848Z,77
2017-01-25T02:03:10.14801408Z,78
2017-01-25T02:13:12.737786112Z,78
2017-01-25T02:23:15.210968064Z,77
2017-01-25T02:33:17.397370112Z,78
2017-01-25T02:43:20.391645952Z,86
2017-01-25T02:53:23.294724096Z,77
2017-01-25T03:03:24.964306176Z,77
2017-01-25T03:13:26.77549696Z,76
2017-01-25T03:23:28.407877888Z,75
2017-01-25T03:33:29.995881984Z,78
2017-01-25T03:43:31.408307968Z,75
2017-01-25T03:53:33.063237888Z,76
2017-01-25T04:03:34.524809984Z,77
2017-01-25T04:13:36.055440896Z,76
2017-01-25T04:23:37.528873984Z,75
2017-01-25T04:33:39.131730176Z,75
2017-01-25T04:43:40.63396992Z,71
